mtllib model_1.mtl
o model_1
v -9.269842147827148 715.3740234375 575.209716796875 
v -9.269842147827148 888.159423828125 575.209716796875 
v -39.95684814453125 715.3740234375 575.209716796875 
v -39.95684814453125 888.159423828125 575.209716796875 
v -9.269842147827148 888.159423828125 575.209716796875 
v -9.269842147827148 888.159423828125 545.265869140625 
v -39.95684814453125 888.159423828125 575.209716796875 
v -39.95684814453125 888.159423828125 545.265869140625 
v -9.269842147827148 888.159423828125 545.265869140625 
v -9.269842147827148 715.3740234375 545.265869140625 
v -39.95684814453125 888.159423828125 545.265869140625 
v -39.95684814453125 715.3740234375 545.265869140625 
v -9.269842147827148 715.3740234375 545.265869140625 
v -9.269842147827148 715.3740234375 575.209716796875 
v -39.95684814453125 715.3740234375 545.265869140625 
v -39.95684814453125 715.3740234375 575.209716796875 
v -9.269842147827148 715.3740234375 545.265869140625 
v -9.269842147827148 888.159423828125 545.265869140625 
v -9.269842147827148 715.3740234375 575.209716796875 
v -9.269842147827148 888.159423828125 575.209716796875 
v -39.95684814453125 715.3740234375 575.209716796875 
v -39.95684814453125 888.159423828125 575.209716796875 
v -39.95684814453125 715.3740234375 545.265869140625 
v -39.95684814453125 888.159423828125 545.265869140625 
v -211.58316040039062 133.43589782714844 308.6507873535156 
v -209.84129333496094 130.60459899902344 308.9132385253906 
v -211.3204803466797 130.60459899902344 310.3927001953125 
v -209.84129333496094 0 308.9132385253906 
v -211.3204803466797 0 310.3927001953125 
v -209.84129333496094 0 308.9132385253906 
v -207.82058715820312 0 308.37200927734375 
v -209.84129333496094 130.60459899902344 308.9132385253906 
v -207.82058715820312 130.60459899902344 308.37200927734375 
v -211.58316040039062 133.43589782714844 308.6507873535156 
v -211.58316040039062 133.43589782714844 308.6507873535156 
v 152.33795166015625 130.60459899902344 308.37200927734375 
v 152.33795166015625 0 308.37200927734375 
v 154.35865783691406 0 308.9132385253906 
v 154.35865783691406 130.60459899902344 308.9132385253906 
v 156.10052490234375 133.43589782714844 308.6507873535156 
v 156.10052490234375 133.43589782714844 308.6507873535156 
v 155.2745361328125 136.15855407714844 309.4765625 
v -210.75717163085938 136.15855407714844 309.4765625 
v 153.93373107910156 138.66676330566406 310.8175964355469 
v -209.41636657714844 138.66676330566406 310.8175964355469 
v -211.3204803466797 0 810.3583374023438 
v -211.3204803466797 130.60459899902344 810.3583374023438 
v -211.86199951171875 0 808.337646484375 
v -211.86199951171875 130.60459899902344 808.337646484375 
v -211.86199951171875 130.60459899902344 312.41339111328125 
v -211.58316040039062 133.43589782714844 812.1002807617188 
v -211.58316040039062 133.43589782714844 308.6507873535156 
v -211.58316040039062 133.43589782714844 812.1002807617188 
v -211.58316040039062 133.43589782714844 308.6507873535156 
v -210.75717163085938 136.15855407714844 309.4765625 
v -210.75717163085938 136.15855407714844 811.2744750976562 
v -209.41636657714844 138.66676330566406 310.8175964355469 
v -209.41636657714844 138.66676330566406 809.9334106445312 
v -207.6119842529297 140.86578369140625 312.62200927734375 
v -207.6119842529297 140.86578369140625 808.1290283203125 
v -205.41357421875 142.66929626464844 314.8205261230469 
v -205.41357421875 142.66929626464844 805.9304809570312 
v -211.3204803466797 130.60459899902344 310.3927001953125 
v -211.3204803466797 0 310.3927001953125 
v -211.86199951171875 0 312.41339111328125 
v -159.9409942626953 145.1148223876953 358.8133850097656 
v -163.98240661621094 145.1148223876953 356.25146484375 
v -161.42018127441406 145.1148223876953 360.2928466796875 
v -161.96170043945312 145.1148223876953 362.31353759765625 
v -157.9202880859375 145.1148223876953 358.27215576171875 
v 108.4997787475586 145.1148223876953 356.25146484375 
v 102.43765258789062 145.1148223876953 358.27215576171875 
v 104.45835876464844 145.1148223876953 358.8133850097656 
v 105.93754577636719 145.1148223876953 360.2928466796875 
v 106.47906494140625 145.1148223876953 362.31353759765625 
v 141.8691864013672 145.1148223876953 797.868896484375 
v 106.47906494140625 145.1148223876953 758.4375 
v 141.8691864013672 145.1148223876953 322.8821716308594 
v -197.35182189941406 145.1148223876953 322.8821716308594 
v -197.35182189941406 145.1148223876953 797.868896484375 
v -161.96170043945312 145.1148223876953 758.4375 
v -163.98240661621094 145.1148223876953 764.4995727539062 
v -161.42018127441406 145.1148223876953 760.4581909179688 
v -159.9409942626953 145.1148223876953 761.9376831054688 
v -157.9202880859375 145.1148223876953 762.4788818359375 
v 102.43765258789062 145.1148223876953 762.4788818359375 
v 108.4997787475586 145.1148223876953 764.4995727539062 
v 104.45835876464844 145.1148223876953 761.9376831054688 
v 105.93754577636719 145.1148223876953 760.4581909179688 
v 144.70042419433594 144.83628845214844 800.699951171875 
v 144.70042419433594 144.83628845214844 320.05108642578125 
v -200.1830596923828 144.83628845214844 320.05108642578125 
v -200.1830596923828 144.83628845214844 800.699951171875 
v 147.42208862304688 144.01043701171875 803.4214477539062 
v -202.90472412109375 144.01043701171875 803.4214477539062 
v -202.90472412109375 144.01043701171875 317.32958984375 
v 147.42208862304688 144.01043701171875 317.32958984375 
v 149.93093872070312 142.66929626464844 314.8205261230469 
v 149.93093872070312 142.66929626464844 805.9304809570312 
v -205.41357421875 142.66929626464844 314.8205261230469 
v -205.41357421875 142.66929626464844 805.9304809570312 
v 149.93093872070312 142.66929626464844 805.9304809570312 
v -205.41357421875 142.66929626464844 805.9304809570312 
v 152.1293487548828 140.86578369140625 808.1290283203125 
v -207.6119842529297 140.86578369140625 808.1290283203125 
v 153.93373107910156 138.66676330566406 809.9334106445312 
v -209.41636657714844 138.66676330566406 809.9334106445312 
v -205.41357421875 142.66929626464844 314.8205261230469 
v 149.93093872070312 142.66929626464844 314.8205261230469 
v -207.6119842529297 140.86578369140625 312.62200927734375 
v 152.1293487548828 140.86578369140625 312.62200927734375 
v -209.41636657714844 138.66676330566406 310.8175964355469 
v 153.93373107910156 138.66676330566406 310.8175964355469 
v -158.62054443359375 174.4152069091797 363.0931701660156 
v -157.14137268066406 174.4152069091797 363.0931701660156 
v -157.14137268066406 174.4152069091797 361.61370849609375 
v -155.12066650390625 174.4152069091797 361.0724792480469 
v 99.63802337646484 174.4152069091797 361.0724792480469 
v 101.65872955322266 174.4152069091797 363.0931701660156 
v 101.65872955322266 174.4152069091797 361.61370849609375 
v 103.1379165649414 174.4152069091797 363.0931701660156 
v 103.67943572998047 174.4152069091797 365.1138610839844 
v 73.70034790039062 174.4152069091797 391.0512390136719 
v 103.67943572998047 174.4152069091797 755.63720703125 
v -159.16207885742188 174.4152069091797 365.1138610839844 
v -129.1829833984375 174.4152069091797 391.0512390136719 
v -159.16207885742188 174.4152069091797 755.63720703125 
v -127.16227722167969 174.4152069091797 397.1133117675781 
v -126.62075805664062 174.4152069091797 395.0926208496094 
v -125.140869140625 174.4152069091797 393.6131286621094 
v -123.12016296386719 174.4152069091797 393.0719299316406 
v 67.63752746582031 174.4152069091797 393.0719299316406 
v 69.65823364257812 174.4152069091797 393.6131286621094 
v 71.13811492919922 174.4152069091797 395.0926208496094 
v 71.67964172363281 174.4152069091797 397.1133117675781 
v 71.67964172363281 174.4152069091797 723.6377563476562 
v 73.70034790039062 174.4152069091797 729.6998291015625 
v 71.13811492919922 174.4152069091797 725.658447265625 
v 69.65823364257812 174.4152069091797 727.137939453125 
v 67.63752746582031 174.4152069091797 727.6791381835938 
v -129.1829833984375 174.4152069091797 729.6998291015625 
v -123.12016296386719 174.4152069091797 727.6791381835938 
v -125.140869140625 174.4152069091797 727.137939453125 
v -126.62075805664062 174.4152069091797 725.658447265625 
v -127.16227722167969 174.4152069091797 723.6377563476562 
v -157.14137268066406 174.4152069091797 757.6578979492188 
v 101.65872955322266 174.4152069091797 757.6578979492188 
v -155.12066650390625 174.4152069091797 759.6785888671875 
v 99.63802337646484 174.4152069091797 759.6785888671875 
v 101.65872955322266 174.4152069091797 759.1373291015625 
v 103.1379165649414 174.4152069091797 757.6578979492188 
v -158.62054443359375 174.4152069091797 757.6578979492188 
v -157.14137268066406 174.4152069091797 759.1373291015625 
v -111.3204116821289 220.41510009765625 410.3929748535156 
v -109.84123229980469 220.41510009765625 408.9134826660156 
v -109.84123229980469 220.41510009765625 410.3929748535156 
v -107.82052612304688 220.41510009765625 408.3722839355469 
v 52.337886810302734 220.41510009765625 408.3722839355469 
v 54.35859298706055 220.41510009765625 410.3929748535156 
v 54.35859298706055 220.41510009765625 408.9134826660156 
v 55.83777618408203 220.41510009765625 410.3929748535156 
v 56.379302978515625 220.41510009765625 412.4136657714844 
v 32.77910232543945 220.41510009765625 431.9716491699219 
v 56.379302978515625 220.41510009765625 708.33740234375 
v 32.77910232543945 220.41510009765625 688.7793579101562 
v 54.35859298706055 220.41510009765625 710.3580932617188 
v 55.83777618408203 220.41510009765625 710.3580932617188 
v 54.35859298706055 220.41510009765625 711.8375854492188 
v 52.337886810302734 220.41510009765625 712.3787841796875 
v -107.82052612304688 220.41510009765625 712.3787841796875 
v -109.84123229980469 220.41510009765625 710.3580932617188 
v -109.84123229980469 220.41510009765625 711.8375854492188 
v -111.3204116821289 220.41510009765625 710.3580932617188 
v -111.8619384765625 220.41510009765625 708.33740234375 
v -88.2617416381836 220.41510009765625 688.7793579101562 
v -111.8619384765625 220.41510009765625 412.4136657714844 
v -88.2617416381836 220.41510009765625 431.9716491699219 
v 156.10052490234375 133.43589782714844 308.6507873535156 
v 155.8378448486328 130.60459899902344 310.3927001953125 
v 154.35865783691406 130.60459899902344 308.9132385253906 
v 155.8378448486328 0 310.3927001953125 
v 154.35865783691406 0 308.9132385253906 
v 155.8378448486328 0 310.3927001953125 
v 156.37936401367188 0 312.41339111328125 
v 155.8378448486328 130.60459899902344 310.3927001953125 
v 156.37936401367188 130.60459899902344 312.41339111328125 
v 156.10052490234375 133.43589782714844 308.6507873535156 
v 156.37936401367188 130.60459899902344 808.337646484375 
v 156.10052490234375 133.43589782714844 812.1002807617188 
v 155.8378448486328 130.60459899902344 810.3583374023438 
v 155.8378448486328 0 810.3583374023438 
v 156.37936401367188 0 808.337646484375 
v 156.10052490234375 133.43589782714844 308.6507873535156 
v 156.10052490234375 133.43589782714844 812.1002807617188 
v 155.2745361328125 136.15855407714844 811.2744750976562 
v 155.2745361328125 136.15855407714844 309.4765625 
v 153.93373107910156 138.66676330566406 809.9334106445312 
v 153.93373107910156 138.66676330566406 310.8175964355469 
v 152.1293487548828 140.86578369140625 808.1290283203125 
v 152.1293487548828 140.86578369140625 312.62200927734375 
v 149.93093872070312 142.66929626464844 805.9304809570312 
v 149.93093872070312 142.66929626464844 314.8205261230469 
v -211.58316040039062 133.43589782714844 812.1002807617188 
v -211.3204803466797 130.60459899902344 810.3583374023438 
v -209.84129333496094 130.60459899902344 811.8378295898438 
v -211.3204803466797 0 810.3583374023438 
v -209.84129333496094 0 811.8378295898438 
v 154.35865783691406 0 811.8378295898438 
v 152.33795166015625 0 812.3790283203125 
v 154.35865783691406 130.60459899902344 811.8378295898438 
v 152.33795166015625 130.60459899902344 812.3790283203125 
v 156.10052490234375 133.43589782714844 812.1002807617188 
v 156.10052490234375 133.43589782714844 812.1002807617188 
v -207.82058715820312 130.60459899902344 812.3790283203125 
v -211.58316040039062 133.43589782714844 812.1002807617188 
v -211.58316040039062 133.43589782714844 812.1002807617188 
v -209.84129333496094 130.60459899902344 811.8378295898438 
v -209.84129333496094 0 811.8378295898438 
v -207.82058715820312 0 812.3790283203125 
v -210.75717163085938 136.15855407714844 811.2744750976562 
v 155.2745361328125 136.15855407714844 811.2744750976562 
v -209.41636657714844 138.66676330566406 809.9334106445312 
v 153.93373107910156 138.66676330566406 809.9334106445312 
v 156.10052490234375 133.43589782714844 812.1002807617188 
v 154.35865783691406 130.60459899902344 811.8378295898438 
v 155.8378448486328 130.60459899902344 810.3583374023438 
v 154.35865783691406 0 811.8378295898438 
v 155.8378448486328 0 810.3583374023438 
v -157.14137268066406 174.4152069091797 361.61370849609375 
v -158.62054443359375 174.4152069091797 363.0931701660156 
v -159.9409942626953 145.1148223876953 358.8133850097656 
v -161.42018127441406 145.1148223876953 360.2928466796875 
v -159.16207885742188 174.4152069091797 365.1138610839844 
v -161.96170043945312 145.1148223876953 362.31353759765625 
v -161.96170043945312 145.1148223876953 758.4375 
v -159.16207885742188 174.4152069091797 755.63720703125 
v -158.62054443359375 174.4152069091797 757.6578979492188 
v -161.42018127441406 145.1148223876953 760.4581909179688 
v -157.14137268066406 174.4152069091797 759.1373291015625 
v -159.9409942626953 145.1148223876953 761.9376831054688 
v -159.9409942626953 145.1148223876953 358.8133850097656 
v -157.14137268066406 174.4152069091797 361.61370849609375 
v -157.9202880859375 145.1148223876953 358.27215576171875 
v -155.12066650390625 174.4152069091797 361.0724792480469 
v 99.63802337646484 174.4152069091797 361.0724792480469 
v 102.43765258789062 145.1148223876953 358.27215576171875 
v 104.45835876464844 145.1148223876953 358.8133850097656 
v 101.65872955322266 174.4152069091797 361.61370849609375 
v -109.84123229980469 220.41510009765625 408.9134826660156 
v -125.140869140625 174.4152069091797 393.6131286621094 
v -111.3204116821289 220.41510009765625 410.3929748535156 
v -126.62075805664062 174.4152069091797 395.0926208496094 
v -127.16227722167969 174.4152069091797 397.1133117675781 
v -111.8619384765625 220.41510009765625 412.4136657714844 
v -127.16227722167969 174.4152069091797 723.6377563476562 
v -111.8619384765625 220.41510009765625 708.33740234375 
v -111.3204116821289 220.41510009765625 710.3580932617188 
v -126.62075805664062 174.4152069091797 725.658447265625 
v -109.84123229980469 220.41510009765625 711.8375854492188 
v -125.140869140625 174.4152069091797 727.137939453125 
v 69.65823364257812 174.4152069091797 393.6131286621094 
v 67.63752746582031 174.4152069091797 393.0719299316406 
v 54.35859298706055 220.41510009765625 408.9134826660156 
v 52.337886810302734 220.41510009765625 408.3722839355469 
v -123.12016296386719 174.4152069091797 393.0719299316406 
v -107.82052612304688 220.41510009765625 408.3722839355469 
v -109.84123229980469 220.41510009765625 408.9134826660156 
v -125.140869140625 174.4152069091797 393.6131286621094 
v 69.65823364257812 174.4152069091797 393.6131286621094 
v 54.35859298706055 220.41510009765625 408.9134826660156 
v 71.13811492919922 174.4152069091797 395.0926208496094 
v 55.83777618408203 220.41510009765625 410.3929748535156 
v 71.67964172363281 174.4152069091797 397.1133117675781 
v 56.379302978515625 220.41510009765625 412.4136657714844 
v 56.379302978515625 220.41510009765625 708.33740234375 
v 71.67964172363281 174.4152069091797 723.6377563476562 
v 55.83777618408203 220.41510009765625 710.3580932617188 
v 71.13811492919922 174.4152069091797 725.658447265625 
v 69.65823364257812 174.4152069091797 727.137939453125 
v 54.35859298706055 220.41510009765625 711.8375854492188 
v -159.9409942626953 145.1148223876953 761.9376831054688 
v -157.9202880859375 145.1148223876953 762.4788818359375 
v -157.14137268066406 174.4152069091797 759.1373291015625 
v -155.12066650390625 174.4152069091797 759.6785888671875 
v 102.43765258789062 145.1148223876953 762.4788818359375 
v 99.63802337646484 174.4152069091797 759.6785888671875 
v 101.65872955322266 174.4152069091797 759.1373291015625 
v 104.45835876464844 145.1148223876953 761.9376831054688 
v 69.65823364257812 174.4152069091797 727.137939453125 
v 54.35859298706055 220.41510009765625 711.8375854492188 
v 67.63752746582031 174.4152069091797 727.6791381835938 
v 52.337886810302734 220.41510009765625 712.3787841796875 
v -107.82052612304688 220.41510009765625 712.3787841796875 
v -123.12016296386719 174.4152069091797 727.6791381835938 
v -125.140869140625 174.4152069091797 727.137939453125 
v -109.84123229980469 220.41510009765625 711.8375854492188 
v 22.18671989440918 563.8224487304688 464.7680358886719 
v 22.18671989440918 563.8224487304688 442.5644836425781 
v 28.95331382751465 564.240234375 464.7785949707031 
v 48.250118255615234 565.4309692382812 416.5011901855469 
v 48.250118255615234 565.4309692382812 704.2498779296875 
v 28.95331382751465 564.240234375 656.9799194335938 
v -103.73275756835938 565.4309692382812 416.5011901855469 
v -77.66935729980469 563.8224487304688 442.5644836425781 
v -103.73275756835938 565.4309692382812 704.2498779296875 
v -77.66935729980469 563.8224487304688 678.1865844726562 
v 22.18671989440918 563.8224487304688 678.1865844726562 
v 22.18671989440918 563.8224487304688 656.990478515625 
v 101.65872955322266 174.4152069091797 759.1373291015625 
v 103.1379165649414 174.4152069091797 757.6578979492188 
v 104.45835876464844 145.1148223876953 761.9376831054688 
v 105.93754577636719 145.1148223876953 760.4581909179688 
v 106.47906494140625 145.1148223876953 758.4375 
v 103.67943572998047 174.4152069091797 755.63720703125 
v 106.47906494140625 145.1148223876953 362.31353759765625 
v 103.67943572998047 174.4152069091797 365.1138610839844 
v 103.1379165649414 174.4152069091797 363.0931701660156 
v 105.93754577636719 145.1148223876953 360.2928466796875 
v 101.65872955322266 174.4152069091797 361.61370849609375 
v 104.45835876464844 145.1148223876953 358.8133850097656 
v -76.36225128173828 606.2167358398438 676.8792114257812 
v -76.36225128173828 606.2167358398438 443.8718566894531 
v -102.4249496459961 607.8238525390625 417.8095397949219 
v 46.94231033325195 607.8238525390625 417.8095397949219 
v 20.879615783691406 606.2167358398438 443.8718566894531 
v 46.94231033325195 607.8238525390625 702.9415283203125 
v 20.879615783691406 606.2167358398438 676.8792114257812 
v -102.4249496459961 607.8238525390625 702.9415283203125 
v 20.879615783691406 606.8517456054688 464.5401916503906 
v 20.879615783691406 636.4097900390625 473.7669372558594 
v 20.879615783691406 606.2167358398438 443.8718566894531 
v 20.879615783691406 655.8862915039062 459.3769836425781 
v 20.879615783691406 645.7573852539062 477.2363586425781 
v 20.879615783691406 666.36474609375 463.2654724121094 
v 20.879615783691406 654.3264770507812 481.4930725097656 
v 20.879615783691406 676.3738403320312 468.2383728027344 
v 20.879615783691406 662.3984375 486.6303405761719 
v 20.879615783691406 685.80224609375 474.2389831542969 
v 20.879615783691406 669.8826293945312 492.5905456542969 
v 20.879615783691406 694.5440063476562 481.2008361816406 
v 20.879615783691406 676.6969604492188 499.3072814941406 
v 20.879615783691406 702.5045166015625 489.0461730957031 
v 20.879615783691406 682.7648315429688 506.7046203613281 
v 20.879615783691406 709.591796875 497.6874694824219 
v 20.879615783691406 688.0193481445312 514.7017822265625 
v 20.879615783691406 715.7279052734375 507.0276184082031 
v 20.879615783691406 692.3992919921875 523.2075805664062 
v 20.879615783691406 720.8446044921875 516.9628295898438 
v 20.879615783691406 695.8587036132812 532.1286010742188 
v 20.879615783691406 724.8861083984375 527.383544921875 
v 20.879615783691406 698.357177734375 541.3649291992188 
v 20.879615783691406 727.8037719726562 538.1714477539062 
v 20.879615783691406 699.8682250976562 550.8128051757812 
v 20.879615783691406 729.5682983398438 549.2073974609375 
v 20.879615783691406 700.3946533203125 560.7691650390625 
v 20.879615783691406 730.1587524414062 560.3673095703125 
v 20.879615783691406 606.2167358398438 676.8792114257812 
v 20.879615783691406 606.8517456054688 656.2108154296875 
v 20.879615783691406 636.4097900390625 646.984130859375 
v 20.879615783691406 655.8862915039062 661.3740844726562 
v 20.879615783691406 645.7573852539062 643.5147094726562 
v 20.879615783691406 666.36474609375 657.484619140625 
v 20.879615783691406 654.3264770507812 639.2579956054688 
v 20.879615783691406 676.3724975585938 652.5126342773438 
v 20.879615783691406 685.8008422851562 646.5120849609375 
v 20.879615783691406 662.3984375 634.1206665039062 
v 20.879615783691406 694.5440063476562 639.5502319335938 
v 20.879615783691406 669.8826293945312 628.1605224609375 
v 20.879615783691406 702.5045166015625 631.7048950195312 
v 20.879615783691406 676.6969604492188 621.4437866210938 
v 20.879615783691406 682.7648315429688 614.0454711914062 
v 20.879615783691406 709.591796875 623.0635986328125 
v 20.879615783691406 688.0193481445312 606.0491943359375 
v 20.879615783691406 715.7279052734375 613.7234497070312 
v 20.879615783691406 720.8446044921875 603.7882080078125 
v 20.879615783691406 692.3992919921875 597.54345703125 
v 20.879615783691406 724.8861083984375 593.3674926757812 
v 20.879615783691406 695.8587036132812 588.6224365234375 
v 20.879615783691406 727.8037719726562 582.57958984375 
v 20.879615783691406 698.357177734375 579.3860473632812 
v 20.879615783691406 729.5682983398438 571.5436401367188 
v 20.879615783691406 699.8682250976562 569.938232421875 
v 20.879615783691406 730.1587524414062 560.3836669921875 
v 20.879615783691406 700.3946533203125 559.9818725585938 
v -88.2617416381836 220.41510009765625 431.9716491699219 
v -77.66935729980469 563.8224487304688 442.5644836425781 
v 32.77910232543945 220.41510009765625 431.9716491699219 
v 22.18671989440918 563.8224487304688 442.5644836425781 
v -88.2617416381836 220.41510009765625 688.7793579101562 
v -77.66935729980469 563.8224487304688 678.1865844726562 
v -88.2617416381836 220.41510009765625 431.9716491699219 
v -77.66935729980469 563.8224487304688 442.5644836425781 
v 25.64236068725586 451.8016357421875 495.7004089355469 
v 19.45311164855957 451.5732421875 495.7004089355469 
v 27.09906768798828 404.56365966796875 492.7684020996094 
v 21.190061569213867 404.3464050292969 492.7684020996094 
v -103.73275756835938 565.4309692382812 416.5011901855469 
v -102.4249496459961 607.8238525390625 417.8095397949219 
v 48.250118255615234 565.4309692382812 416.5011901855469 
v 46.94231033325195 607.8238525390625 417.8095397949219 
v 27.09906768798828 404.56365966796875 492.7684020996094 
v 21.190061569213867 404.3464050292969 492.7684020996094 
v 27.09906768798828 404.56365966796875 628.9901123046875 
v 21.190061569213867 404.3464050292969 628.9901123046875 
v 19.45311164855957 451.5732421875 626.05810546875 
v 21.190061569213867 404.3464050292969 628.9901123046875 
v 19.45311164855957 451.5732421875 495.7004089355469 
v 21.190061569213867 404.3464050292969 492.7684020996094 
v -103.73275756835938 565.4309692382812 704.2498779296875 
v -102.4249496459961 607.8238525390625 702.9415283203125 
v -103.73275756835938 565.4309692382812 416.5011901855469 
v -102.4249496459961 607.8238525390625 417.8095397949219 
v 32.77910232543945 220.41510009765625 688.7793579101562 
v 22.18671989440918 563.8224487304688 678.1865844726562 
v -88.2617416381836 220.41510009765625 688.7793579101562 
v -77.66935729980469 563.8224487304688 678.1865844726562 
v -76.36225128173828 606.2167358398438 443.8718566894531 
v -76.36225128173828 655.8862915039062 459.3769836425781 
v 20.879615783691406 606.2167358398438 443.8718566894531 
v 20.879615783691406 655.8862915039062 459.3769836425781 
v 20.879615783691406 666.36474609375 463.2654724121094 
v -76.36225128173828 666.36474609375 463.2654724121094 
v 20.879615783691406 676.3738403320312 468.2383728027344 
v -76.36225128173828 676.3738403320312 468.2383728027344 
v 25.64236068725586 451.8016357421875 626.05810546875 
v 27.09906768798828 404.56365966796875 628.9901123046875 
v 19.45311164855957 451.5732421875 626.05810546875 
v 21.190061569213867 404.3464050292969 628.9901123046875 
v 14.363064765930176 566.9336547851562 656.7799682617188 
v 18.60746192932129 451.5426025390625 663.9436645507812 
v 14.363064765930176 566.9336547851562 464.9795227050781 
v 18.60746192932129 451.5426025390625 457.8157653808594 
v 9.979598999023438 606.8517456054688 464.5401916503906 
v 20.879615783691406 606.8517456054688 464.5401916503906 
v 9.979598999023438 636.4097900390625 473.7669372558594 
v 20.879615783691406 636.4097900390625 473.7669372558594 
v 9.979598999023438 645.7573852539062 477.2363586425781 
v 20.879615783691406 645.7573852539062 477.2363586425781 
v 9.979598999023438 654.3264770507812 481.4930725097656 
v 20.879615783691406 654.3264770507812 481.4930725097656 
v 20.879615783691406 676.3738403320312 468.2383728027344 
v -76.36225128173828 676.3738403320312 468.2383728027344 
v 20.879615783691406 685.80224609375 474.2389831542969 
v -76.36225128173828 685.80224609375 474.2389831542969 
v 20.879615783691406 694.5440063476562 481.2008361816406 
v -76.36225128173828 694.5440063476562 481.2008361816406 
v 20.879615783691406 702.5045166015625 489.0461730957031 
v -76.36225128173828 702.5045166015625 489.0461730957031 
v 20.879615783691406 709.591796875 497.6874694824219 
v -76.36225128173828 709.591796875 497.6874694824219 
v 20.879615783691406 715.7279052734375 507.0276184082031 
v -76.36225128173828 715.7279052734375 507.0276184082031 
v 20.879615783691406 720.8446044921875 516.9628295898438 
v -76.36225128173828 720.8446044921875 516.9628295898438 
v 20.879615783691406 724.8861083984375 527.383544921875 
v -76.36225128173828 724.8861083984375 527.383544921875 
v 20.879615783691406 727.8037719726562 538.1714477539062 
v -76.36225128173828 727.8037719726562 538.1714477539062 
v 20.879615783691406 729.5682983398438 549.2073974609375 
v -76.36225128173828 729.5682983398438 549.2073974609375 
v 20.879615783691406 730.1587524414062 560.3673095703125 
v -76.36225128173828 730.1587524414062 560.3673095703125 
v -76.36225128173828 730.1587524414062 560.3836669921875 
v 20.879615783691406 730.1587524414062 560.3836669921875 
v 20.879615783691406 729.5682983398438 571.5436401367188 
v -76.36225128173828 729.5682983398438 571.5436401367188 
v 20.879615783691406 727.8037719726562 582.57958984375 
v -76.36225128173828 727.8037719726562 582.57958984375 
v 20.879615783691406 724.8861083984375 593.3674926757812 
v -76.36225128173828 724.8861083984375 593.3674926757812 
v 20.879615783691406 720.8446044921875 603.7882080078125 
v -76.36225128173828 720.8446044921875 603.7882080078125 
v 20.879615783691406 715.7279052734375 613.7234497070312 
v -76.36225128173828 715.7279052734375 613.7234497070312 
v 20.879615783691406 709.591796875 623.0635986328125 
v -76.36225128173828 709.591796875 623.0635986328125 
v 20.879615783691406 702.5045166015625 631.7048950195312 
v -76.36225128173828 702.5045166015625 631.7048950195312 
v 20.879615783691406 694.5440063476562 639.5502319335938 
v -76.36225128173828 694.5440063476562 639.5502319335938 
v 20.879615783691406 685.8008422851562 646.5120849609375 
v -76.36225128173828 685.8008422851562 646.5120849609375 
v 20.879615783691406 676.3724975585938 652.5126342773438 
v -76.36225128173828 676.3724975585938 652.5126342773438 
v 28.834613800048828 567.4656982421875 464.9795227050781 
v 28.834613800048828 567.4656982421875 656.7799682617188 
v 14.363064765930176 566.9336547851562 464.9795227050781 
v 14.363064765930176 566.9336547851562 656.7799682617188 
v 28.834613800048828 567.4656982421875 464.9795227050781 
v 28.95331382751465 564.240234375 464.7785949707031 
v 28.834613800048828 567.4656982421875 656.7799682617188 
v 28.95331382751465 564.240234375 656.9799194335938 
v 9.979598999023438 654.3264770507812 481.4930725097656 
v 20.879615783691406 654.3264770507812 481.4930725097656 
v 9.979598999023438 662.3984375 486.6303405761719 
v 20.879615783691406 662.3984375 486.6303405761719 
v 9.979598999023438 669.8826293945312 492.5905456542969 
v 20.879615783691406 669.8826293945312 492.5905456542969 
v 9.979598999023438 676.6969604492188 499.3072814941406 
v 20.879615783691406 676.6969604492188 499.3072814941406 
v 9.979598999023438 682.7648315429688 506.7046203613281 
v 20.879615783691406 682.7648315429688 506.7046203613281 
v 9.979598999023438 688.0193481445312 514.7017822265625 
v 20.879615783691406 688.0193481445312 514.7017822265625 
v 9.979598999023438 692.3992919921875 523.2075805664062 
v 20.879615783691406 692.3992919921875 523.2075805664062 
v 9.979598999023438 695.8587036132812 532.1286010742188 
v 20.879615783691406 695.8587036132812 532.1286010742188 
v 9.979598999023438 698.357177734375 541.3649291992188 
v 20.879615783691406 698.357177734375 541.3649291992188 
v 9.979598999023438 699.8682250976562 550.8128051757812 
v 20.879615783691406 699.8682250976562 550.8128051757812 
v 9.979598999023438 700.3946533203125 560.7691650390625 
v 20.879615783691406 700.3946533203125 560.7691650390625 
v 20.879615783691406 606.8517456054688 464.5401916503906 
v 9.979598999023438 606.8517456054688 464.5401916503906 
v 20.879615783691406 606.8517456054688 656.2108154296875 
v 9.979598999023438 606.8517456054688 656.2108154296875 
v 48.250118255615234 565.4309692382812 416.5011901855469 
v 46.94231033325195 607.8238525390625 417.8095397949219 
v 48.250118255615234 565.4309692382812 704.2498779296875 
v 46.94231033325195 607.8238525390625 702.9415283203125 
v 48.250118255615234 565.4309692382812 704.2498779296875 
v 46.94231033325195 607.8238525390625 702.9415283203125 
v -103.73275756835938 565.4309692382812 704.2498779296875 
v -102.4249496459961 607.8238525390625 702.9415283203125 
v 20.879615783691406 606.2167358398438 676.8792114257812 
v 20.879615783691406 655.8862915039062 661.3740844726562 
v -76.36225128173828 606.2167358398438 676.8792114257812 
v -76.36225128173828 655.8862915039062 661.3740844726562 
v -76.36225128173828 666.36474609375 657.484619140625 
v 20.879615783691406 666.36474609375 657.484619140625 
v -76.36225128173828 676.3724975585938 652.5126342773438 
v 20.879615783691406 676.3724975585938 652.5126342773438 
v 20.879615783691406 700.3946533203125 559.9818725585938 
v 9.979598999023438 700.3946533203125 559.9818725585938 
v 20.879615783691406 700.3946533203125 560.7691650390625 
v 9.979598999023438 700.3946533203125 560.7691650390625 
v 9.979598999023438 700.3946533203125 559.9818725585938 
v 20.879615783691406 700.3946533203125 559.9818725585938 
v 9.979598999023438 699.8682250976562 569.938232421875 
v 20.879615783691406 699.8682250976562 569.938232421875 
v 9.979598999023438 698.357177734375 579.3860473632812 
v 20.879615783691406 698.357177734375 579.3860473632812 
v 9.979598999023438 695.8587036132812 588.6224365234375 
v 20.879615783691406 695.8587036132812 588.6224365234375 
v 9.979598999023438 692.3992919921875 597.54345703125 
v 20.879615783691406 692.3992919921875 597.54345703125 
v 9.979598999023438 688.0193481445312 606.0491943359375 
v 20.879615783691406 688.0193481445312 606.0491943359375 
v 9.979598999023438 682.7648315429688 614.0454711914062 
v 20.879615783691406 682.7648315429688 614.0454711914062 
v 9.979598999023438 676.6969604492188 621.4437866210938 
v 20.879615783691406 676.6969604492188 621.4437866210938 
v 9.979598999023438 669.8826293945312 628.1605224609375 
v 20.879615783691406 669.8826293945312 628.1605224609375 
v 9.979598999023438 662.3984375 634.1206665039062 
v 20.879615783691406 662.3984375 634.1206665039062 
v 9.979598999023438 654.3264770507812 639.2579956054688 
v 20.879615783691406 654.3264770507812 639.2579956054688 
v 20.879615783691406 606.8517456054688 656.2108154296875 
v 9.979598999023438 606.8517456054688 656.2108154296875 
v 20.879615783691406 636.4097900390625 646.984130859375 
v 9.979598999023438 636.4097900390625 646.984130859375 
v 20.879615783691406 645.7573852539062 643.5147094726562 
v 9.979598999023438 645.7573852539062 643.5147094726562 
v 20.879615783691406 654.3264770507812 639.2579956054688 
v 9.979598999023438 654.3264770507812 639.2579956054688 
v 20.879615783691406 730.1587524414062 560.3836669921875 
v 20.879615783691406 700.3946533203125 559.9818725585938 
v 20.879615783691406 730.1587524414062 560.3673095703125 
v 20.879615783691406 700.3946533203125 560.7691650390625 
v 25.64236068725586 451.8016357421875 457.8157653808594 
v 22.18671989440918 563.8224487304688 464.7680358886719 
v 18.60746192932129 451.5426025390625 457.8157653808594 
v 14.363064765930176 566.9336547851562 464.9795227050781 
v 28.834613800048828 567.4656982421875 464.9795227050781 
v 28.95331382751465 564.240234375 464.7785949707031 
v -76.36225128173828 606.2167358398438 676.8792114257812 
v -76.36225128173828 655.8862915039062 661.3740844726562 
v -76.36225128173828 606.2167358398438 443.8718566894531 
v -76.36225128173828 655.8862915039062 459.3769836425781 
v -76.36225128173828 666.36474609375 657.484619140625 
v -76.36225128173828 666.36474609375 463.2654724121094 
v -76.36225128173828 676.3724975585938 652.5126342773438 
v -76.36225128173828 676.3738403320312 468.2383728027344 
v -76.36225128173828 685.8008422851562 646.5120849609375 
v -76.36225128173828 685.80224609375 474.2389831542969 
v -76.36225128173828 694.5440063476562 639.5502319335938 
v -76.36225128173828 694.5440063476562 481.2008361816406 
v -76.36225128173828 702.5045166015625 631.7048950195312 
v -76.36225128173828 702.5045166015625 489.0461730957031 
v -76.36225128173828 709.591796875 623.0635986328125 
v -76.36225128173828 709.591796875 497.6874694824219 
v -76.36225128173828 715.7279052734375 613.7234497070312 
v -76.36225128173828 715.7279052734375 507.0276184082031 
v -76.36225128173828 720.8446044921875 603.7882080078125 
v -76.36225128173828 720.8446044921875 516.9628295898438 
v -76.36225128173828 724.8861083984375 593.3674926757812 
v -76.36225128173828 724.8861083984375 527.383544921875 
v -76.36225128173828 727.8037719726562 582.57958984375 
v -76.36225128173828 727.8037719726562 538.1714477539062 
v -76.36225128173828 729.5682983398438 571.5436401367188 
v -76.36225128173828 729.5682983398438 549.2073974609375 
v -76.36225128173828 730.1587524414062 560.3836669921875 
v -76.36225128173828 730.1587524414062 560.3673095703125 
v 25.64236068725586 451.8016357421875 663.9436645507812 
v 22.18671989440918 563.8224487304688 656.990478515625 
v 18.60746192932129 451.5426025390625 663.9436645507812 
v 14.363064765930176 566.9336547851562 656.7799682617188 
v 28.834613800048828 567.4656982421875 656.7799682617188 
v 28.95331382751465 564.240234375 656.9799194335938 
v 9.979598999023438 606.8517456054688 464.5401916503906 
v 9.979598999023438 606.8517456054688 656.2108154296875 
v 9.979598999023438 636.4097900390625 473.7669372558594 
v 9.979598999023438 636.4097900390625 646.984130859375 
v 9.979598999023438 645.7573852539062 643.5147094726562 
v 9.979598999023438 645.7573852539062 477.2363586425781 
v 9.979598999023438 654.3264770507812 639.2579956054688 
v 9.979598999023438 654.3264770507812 481.4930725097656 
v 9.979598999023438 662.3984375 634.1206665039062 
v 9.979598999023438 662.3984375 486.6303405761719 
v 9.979598999023438 669.8826293945312 628.1605224609375 
v 9.979598999023438 669.8826293945312 492.5905456542969 
v 9.979598999023438 676.6969604492188 621.4437866210938 
v 9.979598999023438 676.6969604492188 499.3072814941406 
v 9.979598999023438 682.7648315429688 614.0454711914062 
v 9.979598999023438 682.7648315429688 506.7046203613281 
v 9.979598999023438 688.0193481445312 606.0491943359375 
v 9.979598999023438 688.0193481445312 514.7017822265625 
v 9.979598999023438 692.3992919921875 597.54345703125 
v 9.979598999023438 692.3992919921875 523.2075805664062 
v 9.979598999023438 695.8587036132812 588.6224365234375 
v 9.979598999023438 695.8587036132812 532.1286010742188 
v 9.979598999023438 698.357177734375 541.3649291992188 
v 9.979598999023438 698.357177734375 579.3860473632812 
v 9.979598999023438 699.8682250976562 569.938232421875 
v 9.979598999023438 699.8682250976562 550.8128051757812 
v 9.979598999023438 700.3737182617188 560.375 
v 9.979598999023438 700.3946533203125 560.7691650390625 
v 9.979598999023438 700.3946533203125 559.9818725585938 
v 25.64236068725586 451.8016357421875 495.7004089355469 
v 25.64236068725586 451.8016357421875 457.8157653808594 
v 19.45311164855957 451.5732421875 495.7004089355469 
v 18.60746192932129 451.5426025390625 457.8157653808594 
v 18.60746192932129 451.5426025390625 663.9436645507812 
v 19.45311164855957 451.5732421875 626.05810546875 
v 25.64236068725586 451.8016357421875 626.05810546875 
v 25.64236068725586 451.8016357421875 663.9436645507812 
v 25.64236068725586 451.8016357421875 495.7004089355469 
v 27.09906768798828 404.56365966796875 492.7684020996094 
v 25.64236068725586 451.8016357421875 457.8157653808594 
v 32.77910232543945 220.41510009765625 431.9716491699219 
v 22.18671989440918 563.8224487304688 442.5644836425781 
v 22.18671989440918 563.8224487304688 464.7680358886719 
v 32.77910232543945 220.41510009765625 688.7793579101562 
v 27.09906768798828 404.56365966796875 628.9901123046875 
v 25.64236068725586 451.8016357421875 663.9436645507812 
v 25.64236068725586 451.8016357421875 626.05810546875 
v 22.18671989440918 563.8224487304688 678.1865844726562 
v 22.18671989440918 563.8224487304688 656.990478515625 
v 152.33795166015625 0 308.37200927734375 
v 154.35865783691406 0 308.9132385253906 
v -207.82058715820312 0 308.37200927734375 
v -209.84129333496094 0 308.9132385253906 
v 155.8378448486328 0 310.3927001953125 
v -211.3204803466797 0 310.3927001953125 
v 156.37936401367188 0 312.41339111328125 
v -211.86199951171875 0 312.41339111328125 
v 156.37936401367188 0 808.337646484375 
v -211.86199951171875 0 808.337646484375 
v 155.8378448486328 0 810.3583374023438 
v -211.3204803466797 0 810.3583374023438 
v 154.35865783691406 0 811.8378295898438 
v -209.84129333496094 0 811.8378295898438 
v 152.33795166015625 0 812.3790283203125 
v -207.82058715820312 0 812.3790283203125 
v -10.343751907348633 823.8953857421875 609.6726684570312 
v -10.343751907348633 857.989501953125 609.6726684570312 
v -36.81907653808594 823.8953857421875 609.6726684570312 
v -36.81907653808594 857.989501953125 609.6726684570312 
v -10.343751907348633 857.989501953125 609.6726684570312 
v -10.343751907348633 857.989501953125 510.8591003417969 
v -36.81907653808594 857.989501953125 609.6726684570312 
v -36.81907653808594 857.989501953125 510.8591003417969 
v -10.343751907348633 857.989501953125 510.8591003417969 
v -10.343751907348633 823.8953857421875 510.8591003417969 
v -36.81907653808594 857.989501953125 510.8591003417969 
v -36.81907653808594 823.8953857421875 510.8591003417969 
v -10.343751907348633 823.8953857421875 510.8591003417969 
v -10.343751907348633 823.8953857421875 609.6726684570312 
v -36.81907653808594 823.8953857421875 510.8591003417969 
v -36.81907653808594 823.8953857421875 609.6726684570312 
v -10.343751907348633 823.8953857421875 510.8591003417969 
v -10.343751907348633 857.989501953125 510.8591003417969 
v -10.343751907348633 823.8953857421875 609.6726684570312 
v -10.343751907348633 857.989501953125 609.6726684570312 
v -36.81907653808594 823.8953857421875 609.6726684570312 
v -36.81907653808594 857.989501953125 609.6726684570312 
v -36.81907653808594 823.8953857421875 510.8591003417969 
v -36.81907653808594 857.989501953125 510.8591003417969 
vn 0 0 2.7618587017059326 
vn 0 0 2.7618587017059326 
vn 0 0 2.7618587017059326 
vn 0 0 2.7618587017059326 
vn -2.8560742095992686e-13 2.761852264404297 0.0060338168404996395 
vn -2.8560742095992686e-13 2.761852264404297 0.0060338168404996395 
vn -2.8560742095992686e-13 2.761852264404297 0.0060338168404996395 
vn -2.8560742095992686e-13 2.761852264404297 0.0060338168404996395 
vn -5.712161971725693e-13 0 -2.7618587017059326 
vn -5.712161971725693e-13 0 -2.7618587017059326 
vn -5.712161971725693e-13 0 -2.7618587017059326 
vn -5.712161971725693e-13 0 -2.7618587017059326 
vn 8.55595813382265e-13 -2.761852264404297 0.0060338168404996395 
vn 8.55595813382265e-13 -2.761852264404297 0.0060338168404996395 
vn 8.55595813382265e-13 -2.761852264404297 0.0060338168404996395 
vn 8.55595813382265e-13 -2.761852264404297 0.0060338168404996395 
vn 2.761852264404297 0 0.0060338168404996395 
vn 2.761852264404297 0 0.0060338168404996395 
vn 2.761852264404297 0 0.0060338168404996395 
vn 2.761852264404297 0 0.0060338168404996395 
vn -2.761852264404297 -5.712148419198537e-13 0.0060338168404996395 
vn -2.761852264404297 -5.712148419198537e-13 0.0060338168404996395 
vn -2.761852264404297 -5.712148419198537e-13 0.0060338168404996395 
vn -2.761852264404297 -5.712148419198537e-13 0.0060338168404996395 
vn -0.6315355896949768 -0.4495037794113159 -0.6317508816719055 
vn -0.500573456287384 -0.00756114162504673 -0.865661084651947 
vn -0.7078686952590942 -0.0037756471429020166 -0.7063339352607727 
vn -0.5006305575370789 -1.0354196476993274e-13 -0.865661084651947 
vn -0.7078686952590942 0.0037756471429020166 -0.7063339352607727 
vn -0.5006305575370789 -1.0354196476993274e-13 -0.865661084651947 
vn 2.0682311115474694e-13 4.2775797696334704e-26 -1 
vn -0.500573456287384 -0.00756114162504673 -0.865661084651947 
vn -0.002184688812121749 0.0037839922588318586 -0.9999904632568359 
vn -0.0019082654034718871 0.09595967084169388 -0.9953833818435669 
vn -0.0018983004847541451 0.1824762523174286 -0.983208417892456 
vn -0.002184688812121749 0.0037839922588318586 -0.9999904632568359 
vn -2.0682311115474694e-13 0 -1 
vn 0.5006305575370789 0 -0.865661084651947 
vn 0.500573456287384 -0.00756114162504673 -0.865661084651947 
vn -0.0019082654034718871 0.09595967084169388 -0.9953833818435669 
vn -0.0018983004847541451 0.1824762523174286 -0.983208417892456 
vn 0.0037829536013305187 0.35882386565208435 -0.933397650718689 
vn 0.0037829536013305187 0.35882386565208435 -0.933397650718689 
vn 0.0037789817433804274 0.5268555879592896 -0.8499464392662048 
vn 0.0037789817433804274 0.5268555879592896 -0.8499464392662048 
vn -0.9663880467414856 0.003771444782614708 0.25706008076667786 
vn -0.9663880467414856 -0.003771444782614708 0.25706008076667786 
vn -0.999997615814209 -2.0682260971124217e-13 0.002184694167226553 
vn -0.999997615814209 -2.0682260971124217e-13 0.002184694167226553 
vn -0.999997615814209 -2.0682260971124217e-13 -0.002184694167226553 
vn -0.9951823353767395 0.0980169028043747 0.002184694167226553 
vn -0.9951823353767395 0.0980169028043747 -0.002184694167226553 
vn -0.9822282791137695 0.18767757713794708 0.002184694167226553 
vn -0.9836175441741943 0.18025460839271545 0.002184694167226553 
vn -0.9323094487190247 0.36165499687194824 0.002184694167226553 
vn -0.9323094487190247 0.36165499687194824 0.002184694167226553 
vn -0.8478681445121765 0.5302026271820068 0.002184694167226553 
vn -0.8478681445121765 0.5302026271820068 0.002184694167226553 
vn -0.733294665813446 0.6799074411392212 0.002184694167226553 
vn -0.733294665813446 0.6799074411392212 0.002184694167226553 
vn -0.5926607847213745 0.8054491877555847 0.002184694167226553 
vn -0.5926607847213745 0.8054491877555847 0.002184694167226553 
vn -0.9663954377174377 -1.998729008906644e-13 -0.25706008076667786 
vn -0.9663954377174377 -1.998729008906644e-13 -0.25706008076667786 
vn -0.999997615814209 -2.0682260971124217e-13 -0.002184694167226553 
vn -1.0341130485562108e-13 0.999997615814209 0.002184694167226553 
vn -1.0341130485562108e-13 0.999997615814209 -0.002184694167226553 
vn -1.0341130485562108e-13 0.999997615814209 0.002184694167226553 
vn -1.0341130485562108e-13 0.999997615814209 0.002184694167226553 
vn -1.0341130485562108e-13 0.999997615814209 -0.002184694167226553 
vn -1.0341130485562108e-13 0.999997615814209 -0.002184694167226553 
vn -1.0341130485562108e-13 0.999997615814209 -0.002184694167226553 
vn -1.0341130485562108e-13 0.999997615814209 -0.002184694167226553 
vn -1.0341130485562108e-13 0.999997615814209 0.002184694167226553 
vn -1.0341130485562108e-13 0.999997615814209 0.002184694167226553 
vn 0.015102911740541458 0.9998644590377808 0.006554040592163801 
vn -1.0341130485562108e-13 0.999997615814209 0.002184694167226553 
vn 0.015102911740541458 0.9998644590377808 -0.006554040592163801 
vn -0.015102911740541458 0.9998644590377808 -0.006554040592163801 
vn -0.015102911740541458 0.9998644590377808 0.006554040592163801 
vn -1.0341130485562108e-13 0.999997615814209 0.002184694167226553 
vn -1.0341130485562108e-13 0.999997615814209 -0.002184694167226553 
vn -1.0341130485562108e-13 0.999997615814209 0.002184694167226553 
vn -1.0341130485562108e-13 0.999997615814209 0.002184694167226553 
vn -1.0341130485562108e-13 0.999997615814209 -0.002184694167226553 
vn -1.0341130485562108e-13 0.999997615814209 -0.002184694167226553 
vn -1.0341130485562108e-13 0.999997615814209 -0.002184694167226553 
vn -1.0341130485562108e-13 0.999997615814209 0.002184694167226553 
vn -1.0341130485562108e-13 0.999997615814209 0.002184694167226553 
vn 0.14292359352111816 0.9844117760658264 0.10250037163496017 
vn 0.14292359352111816 0.9844117760658264 -0.10250037163496017 
vn -0.14292359352111816 0.9844117760658264 -0.10250037163496017 
vn -0.14292359352111816 0.9844117760658264 0.10250037163496017 
vn 0.2556774616241455 0.9481223225593567 0.18892620503902435 
vn -0.2593213617801666 0.9471321702003479 0.18892620503902435 
vn -0.2593213617801666 0.9471321702003479 -0.18892620503902435 
vn 0.2556774616241455 0.9481223225593567 -0.18892620503902435 
vn 0.5926607847213745 0.8054491877555847 0.002184694167226553 
vn 0.5926607847213745 0.8054491877555847 0.002184694167226553 
vn -0.5926607847213745 0.8054491877555847 0.002184694167226553 
vn -0.5926607847213745 0.8054491877555847 0.002184694167226553 
vn 0.003772845258936286 0.8046198487281799 0.5937783122062683 
vn 0.003772845258936286 0.8046198487281799 0.5937783122062683 
vn 0.003771903458982706 0.6795519590377808 0.7336177229881287 
vn 0.003771903458982706 0.6795519590377808 0.7336177229881287 
vn -5.448435756380543e-14 0.5268691182136536 0.8499464392662048 
vn -5.448435756380543e-14 0.5268691182136536 0.8499464392662048 
vn 0.0018892475636675954 0.80462646484375 -0.5937783122062683 
vn 0.0018892475636675954 0.80462646484375 -0.5937783122062683 
vn 0.00188929692376405 0.6795597672462463 -0.7336177229881287 
vn 0.00188929692376405 0.6795597672462463 -0.7336177229881287 
vn 0.0037789817433804274 0.5268555879592896 -0.8499464392662048 
vn 0.0037789817433804274 0.5268555879592896 -0.8499464392662048 
vn -1.0341130485562108e-13 0.999997615814209 -0.002184694167226553 
vn -1.0341130485562108e-13 0.999997615814209 0.002184694167226553 
vn -1.0341130485562108e-13 0.999997615814209 0.002184694167226553 
vn -1.0341130485562108e-13 0.999997615814209 0.002184694167226553 
vn -1.0341130485562108e-13 0.999997615814209 0.002184694167226553 
vn -1.0341130485562108e-13 0.999997615814209 0.002184694167226553 
vn -1.0341130485562108e-13 0.999997615814209 0.002184694167226553 
vn -1.0341130485562108e-13 0.999997615814209 -0.002184694167226553 
vn -1.0341130485562108e-13 0.999997615814209 -0.002184694167226553 
vn -1.0341130485562108e-13 0.999997615814209 0.002184694167226553 
vn -1.0341130485562108e-13 0.999997615814209 0.002184694167226553 
vn -1.0341130485562108e-13 0.999997615814209 0.002184694167226553 
vn -1.0341130485562108e-13 0.999997615814209 0.002184694167226553 
vn -1.0341130485562108e-13 0.999997615814209 0.002184694167226553 
vn -1.0341130485562108e-13 0.999997615814209 -0.002184694167226553 
vn -1.0341130485562108e-13 0.999997615814209 -0.002184694167226553 
vn -1.0341130485562108e-13 0.999997615814209 0.002184694167226553 
vn -1.0341130485562108e-13 0.999997615814209 0.002184694167226553 
vn -1.0341130485562108e-13 0.999997615814209 0.002184694167226553 
vn -1.0341130485562108e-13 0.999997615814209 0.002184694167226553 
vn -1.0341130485562108e-13 0.999997615814209 0.002184694167226553 
vn -1.0341130485562108e-13 0.999997615814209 0.002184694167226553 
vn -1.0341130485562108e-13 0.999997615814209 0.002184694167226553 
vn -1.0341130485562108e-13 0.999997615814209 0.002184694167226553 
vn -1.0341130485562108e-13 0.999997615814209 0.002184694167226553 
vn -1.0341130485562108e-13 0.999997615814209 -0.002184694167226553 
vn -1.0341130485562108e-13 0.999997615814209 0.002184694167226553 
vn -1.0341130485562108e-13 0.999997615814209 0.002184694167226553 
vn -1.0341130485562108e-13 0.999997615814209 0.002184694167226553 
vn -1.0341130485562108e-13 0.999997615814209 0.002184694167226553 
vn -1.0341130485562108e-13 0.999997615814209 0.002184694167226553 
vn -1.0341130485562108e-13 0.999997615814209 0.002184694167226553 
vn -1.0341130485562108e-13 0.999997615814209 0.002184694167226553 
vn -1.0341130485562108e-13 0.999997615814209 0.002184694167226553 
vn -1.0341130485562108e-13 0.999997615814209 0.002184694167226553 
vn -1.0341130485562108e-13 0.999997615814209 0.002184694167226553 
vn -1.0341130485562108e-13 0.999997615814209 0.002184694167226553 
vn -1.0341130485562108e-13 0.999997615814209 0.002184694167226553 
vn -1.0341130485562108e-13 0.999997615814209 0.002184694167226553 
vn -1.0341130485562108e-13 0.999997615814209 -0.002184694167226553 
vn -1.0341130485562108e-13 0.999997615814209 0.002184694167226553 
vn -1.0341130485562108e-13 0.999997615814209 0.002184694167226553 
vn -1.0341130485562108e-13 0.999997615814209 -0.002184694167226553 
vn -1.0341130485562108e-13 0.999997615814209 -0.002184694167226553 
vn -1.0341130485562108e-13 0.999997615814209 -0.002184694167226553 
vn -1.0341130485562108e-13 0.999997615814209 -0.002184694167226553 
vn -1.0341130485562108e-13 0.999997615814209 0.002184694167226553 
vn -1.0341130485562108e-13 0.999997615814209 0.002184694167226553 
vn -1.0341130485562108e-13 0.999997615814209 0.002184694167226553 
vn -1.0341130485562108e-13 0.999997615814209 -0.002184694167226553 
vn -1.0341130485562108e-13 0.999997615814209 0.002184694167226553 
vn -1.0341130485562108e-13 0.999997615814209 0.002184694167226553 
vn -1.0341130485562108e-13 0.999997615814209 0.002184694167226553 
vn -1.0341130485562108e-13 0.999997615814209 0.002184694167226553 
vn -1.0341130485562108e-13 0.999997615814209 0.002184694167226553 
vn -1.0341130485562108e-13 0.999997615814209 0.002184694167226553 
vn -1.0341130485562108e-13 0.999997615814209 0.002184694167226553 
vn -1.0341130485562108e-13 0.999997615814209 0.002184694167226553 
vn -1.0341130485562108e-13 0.999997615814209 0.002184694167226553 
vn -1.0341130485562108e-13 0.999997615814209 0.002184694167226553 
vn -1.0341130485562108e-13 0.999997615814209 0.002184694167226553 
vn -1.0341130485562108e-13 0.999997615814209 0.002184694167226553 
vn -1.0341130485562108e-13 0.999997615814209 0.002184694167226553 
vn -1.0341130485562108e-13 0.999997615814209 -0.002184694167226553 
vn 0.6337174773216248 -0.4464224576950073 -0.6317508816719055 
vn 0.7078384757041931 -0.007551186718046665 -0.7063339352607727 
vn 0.500573456287384 -0.00756114162504673 -0.865661084651947 
vn 0.7078787684440613 0 -0.7063339352607727 
vn 0.5006305575370789 0 -0.865661084651947 
vn 0.9663954377174377 0 -0.25706008076667786 
vn 0.999997615814209 0 -0.002184694167226553 
vn 0.9663954377174377 0 -0.25706008076667786 
vn 0.999997615814209 0 -0.002184694167226553 
vn 0.9951823353767395 0.0980169028043747 -0.002184694167226553 
vn 0.999997615814209 0 0.002184694167226553 
vn 0.9951823353767395 0.0980169028043747 0.002184694167226553 
vn 0.9663954377174377 0 0.25706008076667786 
vn 0.9663954377174377 0 0.25706008076667786 
vn 0.999997615814209 0 0.002184694167226553 
vn 0.9836175441741943 0.18025460839271545 0.002184694167226553 
vn 0.9822282791137695 0.18767757713794708 0.002184694167226553 
vn 0.9323094487190247 0.36165499687194824 0.002184694167226553 
vn 0.9323094487190247 0.36165499687194824 0.002184694167226553 
vn 0.8478681445121765 0.5302026271820068 0.002184694167226553 
vn 0.8478681445121765 0.5302026271820068 0.002184694167226553 
vn 0.733294665813446 0.6799074411392212 0.002184694167226553 
vn 0.733294665813446 0.6799074411392212 0.002184694167226553 
vn 0.5926607847213745 0.8054491877555847 0.002184694167226553 
vn 0.5926607847213745 0.8054491877555847 0.002184694167226553 
vn -0.6341413259506226 -0.4458202123641968 0.6317508816719055 
vn -0.7078386545181274 -0.007538388948887587 0.7063339352607727 
vn -0.7078386545181274 -0.007538388948887587 0.7063339352607727 
vn -0.7078787684440613 -1.4640568759497624e-13 0.7063339352607727 
vn -0.7078787684440613 -1.4640568759497624e-13 0.7063339352607727 
vn 0.2591707408428192 0 0.9658315181732178 
vn 0 0 1 
vn 0.2591707408428192 0 0.9658315181732178 
vn 0.0013502120273187757 0.0041555254720151424 0.9999904632568359 
vn 0.0018611537525430322 0.0959606021642685 0.9953833818435669 
vn 0.0018734870245680213 0.18247652053833008 0.983208417892456 
vn -0.0035349009558558464 0.002568255877122283 0.9999904632568359 
vn 0.0018734870245680213 0.18247652053833008 0.983208417892456 
vn 0.0018611537525430322 0.0959606021642685 0.9953833818435669 
vn -0.259143590927124 -0.0037519836332648993 0.9658315181732178 
vn -0.259143590927124 0.0037519836332648993 0.9658315181732178 
vn 0 0 1 
vn -3.7108594734373834e-14 0.3588438034057617 0.933397650718689 
vn -3.7108594734373834e-14 0.3588438034057617 0.933397650718689 
vn -5.448435756380543e-14 0.5268691182136536 0.8499464392662048 
vn -5.448435756380543e-14 0.5268691182136536 0.8499464392662048 
vn 0.6341413259506226 -0.4458202123641968 0.6317508816719055 
vn 0.7078386545181274 -0.007538388948887587 0.7063339352607727 
vn 0.7078386545181274 -0.007538388948887587 0.7063339352607727 
vn 0.7078787684440613 0 0.7063339352607727 
vn 0.7078787684440613 0 0.7063339352607727 
vn -0.4919842779636383 0.12725749611854553 -0.8612531423568726 
vn -0.8610789775848389 0.13160449266433716 -0.4911448359489441 
vn -0.49883702397346497 0.1307307928800583 -0.8567795157432556 
vn -0.8544750809669495 0.13170209527015686 -0.5025205612182617 
vn -0.9951823353767395 0.0980169028043747 -0.002184694167226553 
vn -0.9951823353767395 0.0980169028043747 -0.002184694167226553 
vn -0.9951823353767395 0.0980169028043747 0.002184694167226553 
vn -0.9951823353767395 0.0980169028043747 0.002184694167226553 
vn -0.8610789775848389 0.13160449266433716 0.4911448359489441 
vn -0.8550687432289124 0.1277908831834793 0.5025205612182617 
vn -0.4921358525753021 0.1266700029373169 0.8612531423568726 
vn -0.4998544752597809 0.12678489089012146 0.8567795157432556 
vn -0.49883702397346497 0.1307307928800583 -0.8567795157432556 
vn -0.4919842779636383 0.12725749611854553 -0.8612531423568726 
vn -0.0019082654034718871 0.09595967084169388 -0.9953833818435669 
vn -0.0019082654034718871 0.09595967084169388 -0.9953833818435669 
vn -0.0019082654034718871 0.09595967084169388 -0.9953833818435669 
vn 0.005721779074519873 0.09580793976783752 -0.9953833818435669 
vn 0.4997809827327728 0.12707431614398956 -0.8567795157432556 
vn 0.4919842779636383 0.12725749611854553 -0.8612531423568726 
vn -0.4424208104610443 0.4090338945388794 -0.7980946898460388 
vn -0.4671268165111542 0.4177215099334717 -0.7792953848838806 
vn -0.7980939149856567 0.4106738567352295 -0.4409002661705017 
vn -0.7766646146774292 0.41714417934417725 -0.4719987213611603 
vn -0.947733998298645 0.31905397772789 -0.002184694167226553 
vn -0.947733998298645 0.31905397772789 -0.002184694167226553 
vn -0.947733998298645 0.31905397772789 0.002184694167226553 
vn -0.947733998298645 0.31905397772789 0.002184694167226553 
vn -0.7980939149856567 0.4106738567352295 0.4409002661705017 
vn -0.7787206172943115 0.41329336166381836 0.4719987213611603 
vn -0.44046398997306824 0.4111403226852417 0.7980946898460388 
vn -0.47021180391311646 0.4142457842826843 0.7792953848838806 
vn 0.4696371257305145 0.41489720344543457 -0.7792953848838806 
vn 0.0075612543150782585 0.3176405131816864 -0.9481810927391052 
vn 0.4398472309112549 0.4118001163005829 -0.7980946898460388 
vn -3.285700433518918e-14 0.31773048639297485 -0.9481810927391052 
vn -0.0075612543150782585 0.3176405131816864 -0.9481810927391052 
vn -3.285700433518918e-14 0.31773048639297485 -0.9481810927391052 
vn -0.4424208104610443 0.4090338945388794 -0.7980946898460388 
vn -0.4671268165111542 0.4177215099334717 -0.7792953848838806 
vn 0.4696371257305145 0.41489720344543457 -0.7792953848838806 
vn 0.4398472309112549 0.4118001163005829 -0.7980946898460388 
vn 0.778445303440094 0.4138116240501404 -0.4719987213611603 
vn 0.7963597774505615 0.4140267074108124 -0.4409002661705017 
vn 0.947733998298645 0.31905397772789 -0.002184694167226553 
vn 0.947733998298645 0.31905397772789 -0.002184694167226553 
vn 0.947733998298645 0.31905397772789 0.002184694167226553 
vn 0.947733998298645 0.31905397772789 0.002184694167226553 
vn 0.7963597774505615 0.4140267074108124 0.4409002661705017 
vn 0.7787206172943115 0.41329336166381836 0.4719987213611603 
vn 0.47021180391311646 0.4142457842826843 0.7792953848838806 
vn 0.44046398997306824 0.4111403226852417 0.7980946898460388 
vn -0.4998544752597809 0.12678489089012146 0.8567795157432556 
vn -0.005580661818385124 0.09581626206636429 0.9953833818435669 
vn -0.4921358525753021 0.1266700029373169 0.8612531423568726 
vn -0.005580661818385124 0.09581626206636429 0.9953833818435669 
vn 0.0018611537525430322 0.0959606021642685 0.9953833818435669 
vn 0.0018611537525430322 0.0959606021642685 0.9953833818435669 
vn 0.4921358525753021 0.1266700029373169 0.8612531423568726 
vn 0.4998544752597809 0.12678489089012146 0.8567795157432556 
vn 0.47021180391311646 0.4142457842826843 0.7792953848838806 
vn 0.44046398997306824 0.4111403226852417 0.7980946898460388 
vn 0.0037524683866649866 0.3177083432674408 0.9481810927391052 
vn 0.0037524683866649866 0.3177083432674408 0.9481810927391052 
vn -0.0037524683866649866 0.3177083432674408 0.9481810927391052 
vn -0.0037524683866649866 0.3177083432674408 0.9481810927391052 
vn -0.47021180391311646 0.4142457842826843 0.7792953848838806 
vn -0.44046398997306824 0.4111403226852417 0.7980946898460388 
vn 0.06037835404276848 -0.998173177242279 -0.002184694167226553 
vn 0.03773965314030647 -0.9989986419677734 -0.024029340595006943 
vn 0.06037835404276848 -0.998173177242279 -0.002184694167226553 
vn 0.03773965314030647 -0.9989986419677734 -0.024029340595006943 
vn 0.03773965314030647 -0.9989986419677734 0.024029340595006943 
vn 0.06037835404276848 -0.998173177242279 -0.002184694167226553 
vn -0.04528717324137688 -0.9987804889678955 -0.01966099627315998 
vn -0.04528717324137688 -0.9987804889678955 -0.01966099627315998 
vn -0.04528717324137688 -0.9987804889678955 0.01966099627315998 
vn -0.04528717324137688 -0.9987804889678955 0.01966099627315998 
vn 0.03773965314030647 -0.9989986419677734 0.024029340595006943 
vn 0.06037835404276848 -0.998173177242279 -0.002184694167226553 
vn 0.4921358525753021 0.1266700029373169 0.8612531423568726 
vn 0.8616411685943604 0.1278720200061798 0.4911448359489441 
vn 0.4998544752597809 0.12678489089012146 0.8567795157432556 
vn 0.8550687432289124 0.1277908831834793 0.5025205612182617 
vn 0.9951823353767395 0.0980169028043747 0.002184694167226553 
vn 0.9951823353767395 0.0980169028043747 0.002184694167226553 
vn 0.9951823353767395 0.0980169028043747 -0.002184694167226553 
vn 0.9951823353767395 0.0980169028043747 -0.002184694167226553 
vn 0.8616411685943604 0.1278720200061798 -0.4911448359489441 
vn 0.8550423979759216 0.12796731293201447 -0.5025205612182617 
vn 0.4919842779636383 0.12725749611854553 -0.8612531423568726 
vn 0.4997809827327728 0.12707431614398956 -0.8567795157432556 
vn 0.04528717324137688 0.9987804889678955 -0.01966099627315998 
vn 0.04528717324137688 0.9987804889678955 0.01966099627315998 
vn 0.04528717324137688 0.9987804889678955 0.01966099627315998 
vn -0.04528717324137688 0.9987804889678955 0.01966099627315998 
vn -0.04528717324137688 0.9987804889678955 0.01966099627315998 
vn -0.04528717324137688 0.9987804889678955 -0.01966099627315998 
vn -0.04528717324137688 0.9987804889678955 -0.01966099627315998 
vn 0.04528717324137688 0.9987804889678955 -0.01966099627315998 
vn 0.999997615814209 0 -0.002184694167226553 
vn 0.999997615814209 0 -0.002184694167226553 
vn 0.999997615814209 0 -0.002184694167226553 
vn 0.999997615814209 0 0.002184694167226553 
vn 0.999997615814209 0 0.002184694167226553 
vn 0.999997615814209 0 0.002184694167226553 
vn 0.999997615814209 0 -0.002184694167226553 
vn 0.999997615814209 0 -0.002184694167226553 
vn 0.999997615814209 0 -0.002184694167226553 
vn 0.999997615814209 0 -0.002184694167226553 
vn 0.999997615814209 0 -0.002184694167226553 
vn 0.999997615814209 0 -0.002184694167226553 
vn 0.999997615814209 0 0.002184694167226553 
vn 0.999997615814209 0 0.002184694167226553 
vn 0.999997615814209 0 0.002184694167226553 
vn 0.999997615814209 0 0.002184694167226553 
vn 0.999997615814209 0 -0.002184694167226553 
vn 0.999997615814209 0 -0.002184694167226553 
vn 0.999997615814209 0 -0.002184694167226553 
vn 0.999997615814209 0 -0.002184694167226553 
vn 0.999997615814209 0 -0.002184694167226553 
vn 0.999997615814209 0 -0.002184694167226553 
vn 0.999997615814209 0 -0.002184694167226553 
vn 0.999997615814209 0 -0.002184694167226553 
vn 0.999997615814209 0 -0.002184694167226553 
vn 0.999997615814209 0 -0.002184694167226553 
vn 0.999997615814209 0 -0.002184694167226553 
vn 0.999997615814209 0 -0.002184694167226553 
vn 0.999997615814209 0 0.002184694167226553 
vn 0.999997615814209 0 0.002184694167226553 
vn 0.999997615814209 0 0.002184694167226553 
vn 0.999997615814209 0 -0.002184694167226553 
vn 0.999997615814209 0 -0.002184694167226553 
vn 0.999997615814209 0 -0.002184694167226553 
vn 0.999997615814209 0 0.002184694167226553 
vn 0.999997615814209 0 0.002184694167226553 
vn 0.999997615814209 0 0.002184694167226553 
vn 0.999997615814209 0 0.002184694167226553 
vn 0.999997615814209 0 0.002184694167226553 
vn 0.999997615814209 0 0.002184694167226553 
vn 0.999997615814209 0 -0.002184694167226553 
vn 0.999997615814209 0 -0.002184694167226553 
vn 0.999997615814209 0 -0.002184694167226553 
vn 0.999997615814209 0 -0.002184694167226553 
vn 0.999997615814209 0 0.002184694167226553 
vn 0.999997615814209 0 0.002184694167226553 
vn 0.999997615814209 0 0.002184694167226553 
vn 0.999997615814209 0 0.002184694167226553 
vn 0.999997615814209 0 0.002184694167226553 
vn 0.999997615814209 0 0.002184694167226553 
vn 0.999997615814209 0 0.002184694167226553 
vn 0.999997615814209 0 0.002184694167226553 
vn 0.999997615814209 0 0.002184694167226553 
vn 0.999997615814209 0 0.002184694167226553 
vn 0.999997615814209 0 0.002184694167226553 
vn 0.999997615814209 0 0.002184694167226553 
vn 0.001920195179991424 0.03052062913775444 -0.9995322823524475 
vn 0.001920195179991424 0.03052062913775444 -0.9995322823524475 
vn 0.001920195179991424 0.03052062913775444 -0.9995322823524475 
vn 0.001920195179991424 0.03052062913775444 -0.9995322823524475 
vn -0.9995414018630981 0.0302029550075531 0.002184694167226553 
vn -0.9995414018630981 0.0302029550075531 0.002184694167226553 
vn -0.9995414018630981 0.0302029550075531 0.002184694167226553 
vn -0.9995414018630981 0.0302029550075531 0.002184694167226553 
vn 1.8938533534918096e-14 -0.06113334000110626 0.9981296062469482 
vn 1.8938533534918096e-14 -0.06113334000110626 0.9981296062469482 
vn 1.8938533534918096e-14 -0.06113334000110626 0.9981296062469482 
vn 1.8938533534918096e-14 -0.06113334000110626 0.9981296062469482 
vn 0.001920195179991424 0.03052062913775444 -0.9995322823524475 
vn 0.001920195179991424 0.03052062913775444 -0.9995322823524475 
vn 0.001920195179991424 0.03052062913775444 -0.9995322823524475 
vn 0.001920195179991424 0.03052062913775444 -0.9995322823524475 
vn -0.03775046393275261 0.9992848038673401 0.002184694167226553 
vn -0.03775046393275261 0.9992848038673401 0.002184694167226553 
vn -0.03775046393275261 0.9992848038673401 0.002184694167226553 
vn -0.03775046393275261 0.9992848038673401 0.002184694167226553 
vn 0.9992848038673401 0.03775046393275261 0.002184694167226553 
vn 0.9992848038673401 0.03775046393275261 0.002184694167226553 
vn 0.9992848038673401 0.03775046393275261 0.002184694167226553 
vn 0.9992848038673401 0.03775046393275261 0.002184694167226553 
vn -0.9995414018630981 0.0302029550075531 0.002184694167226553 
vn -0.9995414018630981 0.0302029550075531 0.002184694167226553 
vn -0.9995414018630981 0.0302029550075531 0.002184694167226553 
vn -0.9995414018630981 0.0302029550075531 0.002184694167226553 
vn -0.0017781255301088095 0.030529234558343887 0.9995322823524475 
vn -0.0017781255301088095 0.030529234558343887 0.9995322823524475 
vn -0.0017781255301088095 0.030529234558343887 0.9995322823524475 
vn -0.0017781255301088095 0.030529234558343887 0.9995322823524475 
vn -0.001888386206701398 0.29693543910980225 -0.9548956751823425 
vn 0.003775685327127576 0.30525127053260803 -0.9522643685340881 
vn -0.001888386206701398 0.29693543910980225 -0.9548956751823425 
vn 0.003775685327127576 0.30525127053260803 -0.9522643685340881 
vn -4.087469295324664e-14 0.39526233077049255 -0.9185682535171509 
vn -4.087469295324664e-14 0.39526233077049255 -0.9185682535171509 
vn 0.003777894424274564 0.49303221702575684 -0.8700028657913208 
vn 0.003777894424274564 0.49303221702575684 -0.8700028657913208 
vn 0.0038385943043977022 -0.06101270765066147 -0.9981296062469482 
vn 0.0038385943043977022 -0.06101270765066147 -0.9981296062469482 
vn 0.0038385943043977022 -0.06101270765066147 -0.9981296062469482 
vn 0.0038385943043977022 -0.06101270765066147 -0.9981296062469482 
vn 0.9992848038673401 0.03775046393275261 0.002184694167226553 
vn 0.9992848038673401 0.03775046393275261 0.002184694167226553 
vn 0.9992848038673401 0.03775046393275261 0.002184694167226553 
vn 0.9992848038673401 0.03775046393275261 0.002184694167226553 
vn 9.198966187309171e-14 -0.29694145917892456 0.9548956751823425 
vn 9.198966187309171e-14 -0.29694145917892456 0.9548956751823425 
vn -0.0018766504945233464 -0.30942681431770325 0.9509214162826538 
vn -0.0018766504945233464 -0.30942681431770325 0.9509214162826538 
vn 0.003762831911444664 -0.39524441957473755 0.9185682535171509 
vn 0.003762831911444664 -0.39524441957473755 0.9185682535171509 
vn -0.0018843651050701737 -0.49304309487342834 0.8700028657913208 
vn -0.0018843651050701737 -0.49304309487342834 0.8700028657913208 
vn 0.003777894424274564 0.49303221702575684 -0.8700028657913208 
vn 0.003777894424274564 0.49303221702575684 -0.8700028657913208 
vn -0.0018908201018348336 0.5814012289047241 -0.8136147856712341 
vn -0.0018908201018348336 0.5814012289047241 -0.8136147856712341 
vn -6.860055465308587e-14 0.6633741855621338 -0.7482877969741821 
vn -6.860055465308587e-14 0.6633741855621338 -0.7482877969741821 
vn 0.00377632025629282 0.7380461692810059 -0.67473965883255 
vn 0.00377632025629282 0.7380461692810059 -0.67473965883255 
vn 0.0018892475636675954 0.80462646484375 -0.5937783122062683 
vn 0.0018892475636675954 0.80462646484375 -0.5937783122062683 
vn -0.001888810656964779 0.8645632266998291 -0.5025205612182617 
vn -0.001888810656964779 0.8645632266998291 -0.5025205612182617 
vn -0.0018882994772866368 0.9124144315719604 -0.40926313400268555 
vn -0.0018882994772866368 0.9124144315719604 -0.40926313400268555 
vn -0.0018870257772505283 0.9502412676811218 -0.31150925159454346 
vn -0.0018870257772505283 0.9502412676811218 -0.31150925159454346 
vn 0.0018888761987909675 0.9776279926300049 -0.2103329300880432 
vn 0.0018888761987909675 0.9776279926300049 -0.2103329300880432 
vn -0.0018885169411078095 0.994273841381073 -0.10684575140476227 
vn -0.0018885169411078095 0.994273841381073 -0.10684575140476227 
vn -0.0018874284578487277 0.9985070824623108 -0.05459024757146835 
vn -0.0018874284578487277 0.9985070824623108 -0.05459024757146835 
vn -0.0018874284578487277 0.9985070824623108 0.05459024757146835 
vn -0.0018874284578487277 0.9985070824623108 0.05459024757146835 
vn -1.0281958796745996e-13 0.9942756295204163 0.10684575140476227 
vn -1.0281958796745996e-13 0.9942756295204163 0.10684575140476227 
vn 0.0037731043994426727 0.9776225090026855 0.2103329300880432 
vn 0.0037731043994426727 0.9776225090026855 0.2103329300880432 
vn -0.0018870257772505283 0.9502412676811218 0.31150925159454346 
vn -0.0018870257772505283 0.9502412676811218 0.31150925159454346 
vn -9.435439490270911e-14 0.912416398525238 0.40926313400268555 
vn -9.435439490270911e-14 0.912416398525238 0.40926313400268555 
vn -8.959800674827878e-14 0.8645652532577515 0.5025205612182617 
vn -8.959800674827878e-14 0.8645652532577515 0.5025205612182617 
vn 0.003772845258936286 0.8046198487281799 0.5937783122062683 
vn 0.003772845258936286 0.8046198487281799 0.5937783122062683 
vn -0.001885096076875925 0.7380534410476685 0.67473965883255 
vn -0.001885096076875925 0.7380534410476685 0.67473965883255 
vn 0.0018843116704374552 0.6633715033531189 0.7482877969741821 
vn 0.0018843116704374552 0.6633715033531189 0.7482877969741821 
vn 0.001883022952824831 0.5814012289047241 0.8136147856712341 
vn 0.001883022952824831 0.5814012289047241 0.8136147856712341 
vn -0.0018843651050701737 0.49304309487342834 0.8700028657913208 
vn -0.0018843651050701737 0.49304309487342834 0.8700028657913208 
vn 0.03775046393275261 -0.9992848038673401 0.002184694167226553 
vn 0.03775046393275261 -0.9992848038673401 0.002184694167226553 
vn 0.03775046393275261 -0.9992848038673401 0.002184694167226553 
vn 0.03775046393275261 -0.9992848038673401 0.002184694167226553 
vn -0.9992848038673401 -0.03775046393275261 0.002184694167226553 
vn -0.9992848038673401 -0.03775046393275261 0.002184694167226553 
vn -0.9992848038673401 -0.03775046393275261 0.002184694167226553 
vn -0.9992848038673401 -0.03775046393275261 0.002184694167226553 
vn -0.0018843651050701737 -0.49304309487342834 0.8700028657913208 
vn -0.0018843651050701737 -0.49304309487342834 0.8700028657913208 
vn 0.001883022952824831 -0.5814012289047241 0.8136147856712341 
vn 0.001883022952824831 -0.5814012289047241 0.8136147856712341 
vn 0.0018843116704374552 -0.6633715033531189 0.7482877969741821 
vn 0.0018843116704374552 -0.6633715033531189 0.7482877969741821 
vn -0.001885096076875925 -0.7380534410476685 0.67473965883255 
vn -0.001885096076875925 -0.7380534410476685 0.67473965883255 
vn 0.003772845258936286 -0.8046198487281799 0.5937783122062683 
vn 0.003772845258936286 -0.8046198487281799 0.5937783122062683 
vn 2.686020622501978e-13 -0.8645652532577515 0.5025205612182617 
vn 2.686020622501978e-13 -0.8645652532577515 0.5025205612182617 
vn 2.834683984938302e-13 -0.912416398525238 0.40926313400268555 
vn 2.834683984938302e-13 -0.912416398525238 0.40926313400268555 
vn -0.0018870257772505283 -0.9502412676811218 0.31150925159454346 
vn -0.0018870257772505283 -0.9502412676811218 0.31150925159454346 
vn 0.0037731043994426727 -0.9776225090026855 0.2103329300880432 
vn 0.0037731043994426727 -0.9776225090026855 0.2103329300880432 
vn 3.090423967080924e-13 -0.9947329759597778 0.10250037163496017 
vn 3.090423967080924e-13 -0.9947329759597778 0.10250037163496017 
vn -0.0018874284578487277 -0.9985070824623108 0.05459024757146835 
vn -0.0018874284578487277 -0.9985070824623108 0.05459024757146835 
vn -1.0341130485562108e-13 0.999997615814209 0.002184694167226553 
vn -1.0341130485562108e-13 0.999997615814209 0.002184694167226553 
vn -1.0341130485562108e-13 0.999997615814209 0.002184694167226553 
vn -1.0341130485562108e-13 0.999997615814209 0.002184694167226553 
vn 0.9995414018630981 0.0302029550075531 0.002184694167226553 
vn 0.9995414018630981 0.0302029550075531 0.002184694167226553 
vn 0.9995414018630981 0.0302029550075531 0.002184694167226553 
vn 0.9995414018630981 0.0302029550075531 0.002184694167226553 
vn -0.0017781255301088095 0.030529234558343887 0.9995322823524475 
vn -0.0017781255301088095 0.030529234558343887 0.9995322823524475 
vn -0.0017781255301088095 0.030529234558343887 0.9995322823524475 
vn -0.0017781255301088095 0.030529234558343887 0.9995322823524475 
vn -3.070717711681735e-14 0.29694145917892456 0.9548956751823425 
vn -0.0018804754363372922 0.3052688241004944 0.9522643685340881 
vn -3.070717711681735e-14 0.29694145917892456 0.9548956751823425 
vn -0.0018804754363372922 0.3052688241004944 0.9522643685340881 
vn 0.003762831911444664 0.39524441957473755 0.9185682535171509 
vn 0.003762831911444664 0.39524441957473755 0.9185682535171509 
vn -0.0018843651050701737 0.49304309487342834 0.8700028657913208 
vn -0.0018843651050701737 0.49304309487342834 0.8700028657913208 
vn -1.0341130485562108e-13 0.999997615814209 0.002184694167226553 
vn -1.0341130485562108e-13 0.999997615814209 0.002184694167226553 
vn -1.0341130485562108e-13 0.999997615814209 0.002184694167226553 
vn -1.0341130485562108e-13 0.999997615814209 0.002184694167226553 
vn -0.0018874284578487277 -0.9985070824623108 -0.05459024757146835 
vn -0.0018874284578487277 -0.9985070824623108 -0.05459024757146835 
vn 3.090423967080924e-13 -0.9947329759597778 -0.10250037163496017 
vn 3.090423967080924e-13 -0.9947329759597778 -0.10250037163496017 
vn 0.0018888761987909675 -0.9776279926300049 -0.2103329300880432 
vn 0.0018888761987909675 -0.9776279926300049 -0.2103329300880432 
vn -0.0018870257772505283 -0.9502412676811218 -0.31150925159454346 
vn -0.0018870257772505283 -0.9502412676811218 -0.31150925159454346 
vn -0.0018882994772866368 -0.9124144315719604 -0.40926313400268555 
vn -0.0018882994772866368 -0.9124144315719604 -0.40926313400268555 
vn -0.001888810656964779 -0.8645632266998291 -0.5025205612182617 
vn -0.001888810656964779 -0.8645632266998291 -0.5025205612182617 
vn 0.0018892475636675954 -0.80462646484375 -0.5937783122062683 
vn 0.0018892475636675954 -0.80462646484375 -0.5937783122062683 
vn 0.00377632025629282 -0.7380461692810059 -0.67473965883255 
vn 0.00377632025629282 -0.7380461692810059 -0.67473965883255 
vn 2.0550706590020257e-13 -0.6633741855621338 -0.7482877969741821 
vn 2.0550706590020257e-13 -0.6633741855621338 -0.7482877969741821 
vn -0.0018908201018348336 -0.5814012289047241 -0.8136147856712341 
vn -0.0018908201018348336 -0.5814012289047241 -0.8136147856712341 
vn 0.003777894424274564 -0.49303221702575684 -0.8700028657913208 
vn 0.003777894424274564 -0.49303221702575684 -0.8700028657913208 
vn -0.001888386206701398 -0.29693543910980225 -0.9548956751823425 
vn -0.001888386206701398 -0.29693543910980225 -0.9548956751823425 
vn 0.0018912545638158917 -0.3094267249107361 -0.9509214162826538 
vn 0.0018912545638158917 -0.3094267249107361 -0.9509214162826538 
vn 1.2279961119146532e-13 -0.39526233077049255 -0.9185682535171509 
vn 1.2279961119146532e-13 -0.39526233077049255 -0.9185682535171509 
vn 0.003777894424274564 -0.49303221702575684 -0.8700028657913208 
vn 0.003777894424274564 -0.49303221702575684 -0.8700028657913208 
vn -0.999997615814209 -2.0682260971124217e-13 0.002184694167226553 
vn -0.999997615814209 -2.0682260971124217e-13 0.002184694167226553 
vn -0.999997615814209 -2.0682260971124217e-13 0.002184694167226553 
vn -0.999997615814209 -2.0682260971124217e-13 0.002184694167226553 
vn 1.8938533534918096e-14 -0.06113334000110626 0.9981296062469482 
vn 1.8938533534918096e-14 -0.06113334000110626 0.9981296062469482 
vn 1.8938533534918096e-14 -0.06113334000110626 0.9981296062469482 
vn 1.8938533534918096e-14 -0.06113334000110626 0.9981296062469482 
vn 1.8938533534918096e-14 -0.06113334000110626 0.9981296062469482 
vn 1.8938533534918096e-14 -0.06113334000110626 0.9981296062469482 
vn -0.999997615814209 -2.0682260971124217e-13 0.002184694167226553 
vn -0.999997615814209 -2.0682260971124217e-13 0.002184694167226553 
vn -0.999997615814209 -2.0682260971124217e-13 0.002184694167226553 
vn -0.999997615814209 -2.0682260971124217e-13 0.002184694167226553 
vn -0.999997615814209 -2.0682260971124217e-13 0.002184694167226553 
vn -0.999997615814209 -2.0682260971124217e-13 0.002184694167226553 
vn -0.999997615814209 -2.0682260971124217e-13 0.002184694167226553 
vn -0.999997615814209 -2.0682260971124217e-13 0.002184694167226553 
vn -0.999997615814209 -2.0682260971124217e-13 0.002184694167226553 
vn -0.999997615814209 -2.0682260971124217e-13 0.002184694167226553 
vn -0.999997615814209 -2.0682260971124217e-13 0.002184694167226553 
vn -0.999997615814209 -2.0682260971124217e-13 0.002184694167226553 
vn -0.999997615814209 -2.0682260971124217e-13 0.002184694167226553 
vn -0.999997615814209 -2.0682260971124217e-13 0.002184694167226553 
vn -0.999997615814209 -2.0682260971124217e-13 0.002184694167226553 
vn -0.999997615814209 -2.0682260971124217e-13 0.002184694167226553 
vn -0.999997615814209 -2.0682260971124217e-13 0.002184694167226553 
vn -0.999997615814209 -2.0682260971124217e-13 0.002184694167226553 
vn -0.999997615814209 -2.0682260971124217e-13 0.002184694167226553 
vn -0.999997615814209 -2.0682260971124217e-13 0.002184694167226553 
vn -0.999997615814209 -2.0682260971124217e-13 0.002184694167226553 
vn -0.999997615814209 -2.0682260971124217e-13 0.002184694167226553 
vn -0.999997615814209 -2.0682260971124217e-13 0.002184694167226553 
vn -0.999997615814209 -2.0682260971124217e-13 0.002184694167226553 
vn -0.999997615814209 -2.0682260971124217e-13 0.002184694167226553 
vn -0.999997615814209 -2.0682260971124217e-13 0.002184694167226553 
vn -0.999997615814209 -2.0682260971124217e-13 0.002184694167226553 
vn -0.999997615814209 -2.0682260971124217e-13 0.002184694167226553 
vn 0.0038385943043977022 -0.06101270765066147 -0.9981296062469482 
vn 0.0038385943043977022 -0.06101270765066147 -0.9981296062469482 
vn 0.0038385943043977022 -0.06101270765066147 -0.9981296062469482 
vn 0.0038385943043977022 -0.06101270765066147 -0.9981296062469482 
vn 0.0038385943043977022 -0.06101270765066147 -0.9981296062469482 
vn 0.0038385943043977022 -0.06101270765066147 -0.9981296062469482 
vn 0.999997615814209 0 0.002184694167226553 
vn 0.999997615814209 0 0.002184694167226553 
vn 0.999997615814209 0 0.002184694167226553 
vn 0.999997615814209 0 0.002184694167226553 
vn 0.999997615814209 0 0.002184694167226553 
vn 0.999997615814209 0 0.002184694167226553 
vn 0.999997615814209 0 0.002184694167226553 
vn 0.999997615814209 0 0.002184694167226553 
vn 0.999997615814209 0 0.002184694167226553 
vn 0.999997615814209 0 0.002184694167226553 
vn 0.999997615814209 0 0.002184694167226553 
vn 0.999997615814209 0 0.002184694167226553 
vn 0.999997615814209 0 0.002184694167226553 
vn 0.999997615814209 0 0.002184694167226553 
vn 0.999997615814209 0 0.002184694167226553 
vn 0.999997615814209 0 0.002184694167226553 
vn 0.999997615814209 0 0.002184694167226553 
vn 0.999997615814209 0 0.002184694167226553 
vn 0.999997615814209 0 0.002184694167226553 
vn 0.999997615814209 0 0.002184694167226553 
vn 0.999997615814209 0 0.002184694167226553 
vn 0.999997615814209 0 0.002184694167226553 
vn 0.999997615814209 0 0.002184694167226553 
vn 0.999997615814209 0 0.002184694167226553 
vn 0.999997615814209 0 0.002184694167226553 
vn 0.999997615814209 0 0.002184694167226553 
vn 0.999997615814209 0 0.002184694167226553 
vn 0.999997615814209 0 0.002184694167226553 
vn 0.999997615814209 0 0.002184694167226553 
vn -0.03775046393275261 0.9992848038673401 0.002184694167226553 
vn -0.03775046393275261 0.9992848038673401 0.002184694167226553 
vn -0.03775046393275261 0.9992848038673401 0.002184694167226553 
vn -0.03775046393275261 0.9992848038673401 0.002184694167226553 
vn -0.03775046393275261 0.9992848038673401 0.002184694167226553 
vn -0.03775046393275261 0.9992848038673401 0.002184694167226553 
vn -0.03775046393275261 0.9992848038673401 0.002184694167226553 
vn -0.03775046393275261 0.9992848038673401 0.002184694167226553 
vn 0.9995414018630981 0.0302029550075531 0.002184694167226553 
vn 0.9995414018630981 0.0302029550075531 0.002184694167226553 
vn 0.9995414018630981 0.0302029550075531 0.002184694167226553 
vn 0.9995414018630981 0.0302029550075531 0.002184694167226553 
vn 0.9995414018630981 0.0302029550075531 0.002184694167226553 
vn 0.9995414018630981 0.0302029550075531 0.002184694167226553 
vn 0.9995414018630981 0.0302029550075531 0.002184694167226553 
vn 0.9995414018630981 0.0302029550075531 0.002184694167226553 
vn 0.9995414018630981 0.0302029550075531 0.002184694167226553 
vn 0.9995414018630981 0.0302029550075531 0.002184694167226553 
vn 0.9995414018630981 0.0302029550075531 0.002184694167226553 
vn 0.9995414018630981 0.0302029550075531 0.002184694167226553 
vn 3.097898456858039e-13 -0.999997615814209 0.002184694167226553 
vn 3.097898456858039e-13 -0.999997615814209 0.002184694167226553 
vn 3.097898456858039e-13 -0.999997615814209 0.002184694167226553 
vn 3.097898456858039e-13 -0.999997615814209 0.002184694167226553 
vn 3.097898456858039e-13 -0.999997615814209 0.002184694167226553 
vn 3.097898456858039e-13 -0.999997615814209 0.002184694167226553 
vn 3.097898456858039e-13 -0.999997615814209 0.002184694167226553 
vn 3.097898456858039e-13 -0.999997615814209 0.002184694167226553 
vn 3.097898456858039e-13 -0.999997615814209 0.002184694167226553 
vn 3.097898456858039e-13 -0.999997615814209 0.002184694167226553 
vn 3.097898456858039e-13 -0.999997615814209 0.002184694167226553 
vn 3.097898456858039e-13 -0.999997615814209 0.002184694167226553 
vn 3.097898456858039e-13 -0.999997615814209 0.002184694167226553 
vn 3.097898456858039e-13 -0.999997615814209 0.002184694167226553 
vn 3.097898456858039e-13 -0.999997615814209 0.002184694167226553 
vn 3.097898456858039e-13 -0.999997615814209 0.002184694167226553 
vn 0 0 3.621098279953003 
vn 0 0 3.621098279953003 
vn 0 0 3.621098279953003 
vn 0 0 3.621098279953003 
vn -3.7446250527456426e-13 3.6210896968841553 0.00791099201887846 
vn -3.7446250527456426e-13 3.6210896968841553 0.00791099201887846 
vn -3.7446250527456426e-13 3.6210896968841553 0.00791099201887846 
vn -3.7446250527456426e-13 3.6210896968841553 0.00791099201887846 
vn -7.489267994827131e-13 0 -3.621098279953003 
vn -7.489267994827131e-13 0 -3.621098279953003 
vn -7.489267994827131e-13 0 -3.621098279953003 
vn -7.489267994827131e-13 0 -3.621098279953003 
vn 1.1217794271614623e-12 -3.6210896968841553 0.00791099201887846 
vn 1.1217794271614623e-12 -3.6210896968841553 0.00791099201887846 
vn 1.1217794271614623e-12 -3.6210896968841553 0.00791099201887846 
vn 1.1217794271614623e-12 -3.6210896968841553 0.00791099201887846 
vn 3.6210896968841553 0 0.00791099201887846 
vn 3.6210896968841553 0 0.00791099201887846 
vn 3.6210896968841553 0 0.00791099201887846 
vn 3.6210896968841553 0 0.00791099201887846 
vn -3.6210896968841553 -7.489250105491285e-13 0.00791099201887846 
vn -3.6210896968841553 -7.489250105491285e-13 0.00791099201887846 
vn -3.6210896968841553 -7.489250105491285e-13 0.00791099201887846 
vn -3.6210896968841553 -7.489250105491285e-13 0.00791099201887846 
s on 
f 1//1 2//2 3//3 
f 2//2 4//4 3//3 
f 3//3 4//4 4//4 
f 4//4 5//5 4//4 
f 4//4 5//5 5//5 
f 5//5 6//6 5//5 
f 5//5 6//6 7//7 
f 6//6 8//8 7//7 
f 7//7 8//8 8//8 
f 8//8 9//9 8//8 
f 8//8 9//9 9//9 
f 9//9 10//10 9//9 
f 9//9 10//10 11//11 
f 10//10 12//12 11//11 
f 11//11 12//12 12//12 
f 12//12 13//13 12//12 
f 12//12 13//13 13//13 
f 13//13 14//14 13//13 
f 13//13 14//14 15//15 
f 14//14 16//16 15//15 
f 15//15 16//16 16//16 
f 16//16 17//17 16//16 
f 16//16 17//17 17//17 
f 17//17 18//18 17//17 
f 17//17 18//18 19//19 
f 18//18 20//20 19//19 
f 19//19 20//20 20//20 
f 20//20 21//21 20//20 
f 20//20 21//21 21//21 
f 21//21 22//22 21//21 
f 21//21 22//22 23//23 
f 22//22 24//24 23//23 
f 23//23 24//24 24//24 
f 24//24 25//25 24//24 
f 24//24 25//25 25//25 
f 25//25 26//26 25//25 
f 25//25 26//26 27//27 
f 26//26 28//28 27//27 
f 27//27 28//28 29//29 
f 28//28 29//29 29//29 
f 29//29 29//29 30//30 
f 29//29 30//30 30//30 
f 30//30 30//30 31//31 
f 30//30 32//32 31//31 
f 31//31 32//32 33//33 
f 32//32 34//34 33//33 
f 33//33 34//34 35//35 
f 34//34 35//35 35//35 
f 35//35 35//35 33//33 
f 35//35 33//33 33//33 
f 33//33 33//33 31//31 
f 33//33 36//36 31//31 
f 31//31 36//36 37//37 
f 36//36 36//36 37//37 
f 37//37 36//36 38//38 
f 36//36 36//36 38//38 
f 38//38 36//36 39//39 
f 36//36 36//36 39//39 
f 39//39 36//36 40//40 
f 36//36 36//36 40//40 
f 40//40 36//36 41//41 
f 36//36 33//33 41//41 
f 41//41 33//33 41//41 
f 33//33 35//35 41//41 
f 41//41 35//35 42//42 
f 35//35 43//43 42//42 
f 42//42 43//43 44//44 
f 43//43 45//45 44//44 
f 44//44 45//45 45//45 
f 45//45 46//46 45//45 
f 45//45 46//46 46//46 
f 46//46 47//47 46//46 
f 46//46 47//47 48//48 
f 47//47 49//49 48//48 
f 48//48 49//49 50//50 
f 49//49 51//51 50//50 
f 50//50 51//51 52//52 
f 51//51 53//53 52//52 
f 52//52 53//53 54//54 
f 53//53 53//53 54//54 
f 54//54 53//53 55//55 
f 53//53 56//56 55//55 
f 55//55 56//56 57//57 
f 56//56 58//58 57//57 
f 57//57 58//58 59//59 
f 58//58 60//60 59//59 
f 59//59 60//60 61//61 
f 60//60 62//62 61//61 
f 61//61 62//62 62//62 
f 62//62 52//52 62//62 
f 62//62 52//52 52//52 
f 52//52 63//63 52//52 
f 52//52 63//63 50//50 
f 63//63 64//64 50//50 
f 50//50 64//64 50//50 
f 64//64 65//65 50//50 
f 50//50 65//65 48//48 
f 65//65 48//48 48//48 
f 48//48 48//48 51//51 
f 48//48 51//51 51//51 
f 51//51 51//51 47//47 
f 51//51 49//49 47//47 
f 47//47 49//49 49//49 
f 49//49 66//66 49//49 
f 49//49 66//66 66//66 
f 66//66 67//67 66//66 
f 66//66 67//67 68//68 
f 67//67 69//69 68//68 
f 68//68 69//69 69//69 
f 69//69 66//66 69//69 
f 69//69 66//66 66//66 
f 66//66 70//70 66//66 
f 66//66 70//70 67//67 
f 70//70 70//70 67//67 
f 67//67 70//70 71//71 
f 70//70 72//72 71//71 
f 71//71 72//72 71//71 
f 72//72 73//73 71//71 
f 71//71 73//73 71//71 
f 73//73 74//74 71//71 
f 71//71 74//74 71//71 
f 74//74 75//75 71//71 
f 71//71 75//75 76//76 
f 75//75 77//77 76//76 
f 76//76 77//77 77//77 
f 77//77 76//76 77//77 
f 77//77 76//76 76//76 
f 76//76 78//78 76//76 
f 76//76 78//78 71//71 
f 78//78 78//78 71//71 
f 71//71 78//78 67//67 
f 78//78 79//79 67//67 
f 67//67 79//79 67//67 
f 79//79 80//80 67//67 
f 67//67 80//80 69//69 
f 80//80 80//80 69//69 
f 69//69 80//80 81//81 
f 80//80 82//82 81//81 
f 81//81 82//82 83//83 
f 82//82 82//82 83//83 
f 83//83 82//82 84//84 
f 82//82 82//82 84//84 
f 84//84 82//82 85//85 
f 82//82 82//82 85//85 
f 85//85 82//82 86//86 
f 82//82 87//87 86//86 
f 86//86 87//87 88//88 
f 87//87 87//87 88//88 
f 88//88 87//87 89//89 
f 87//87 87//87 89//89 
f 89//89 87//87 77//77 
f 87//87 87//87 77//77 
f 77//77 87//87 76//76 
f 87//87 80//80 76//76 
f 76//76 80//80 76//76 
f 80//80 90//90 76//76 
f 76//76 90//90 76//76 
f 90//90 91//91 76//76 
f 76//76 91//91 78//78 
f 91//91 92//92 78//78 
f 78//78 92//92 79//79 
f 92//92 93//93 79//79 
f 79//79 93//93 80//80 
f 93//93 93//93 80//80 
f 80//80 93//93 90//90 
f 93//93 93//93 90//90 
f 90//90 93//93 94//94 
f 93//93 93//93 94//94 
f 94//94 93//93 95//95 
f 93//93 92//92 95//95 
f 95//95 92//92 96//96 
f 92//92 91//91 96//96 
f 96//96 91//91 97//97 
f 91//91 90//90 97//97 
f 97//97 90//90 97//97 
f 90//90 94//94 97//97 
f 97//97 94//94 98//98 
f 94//94 99//99 98//98 
f 98//98 99//99 99//99 
f 99//99 87//87 99//99 
f 99//99 87//87 87//87 
f 87//87 82//82 87//87 
f 87//87 82//82 80//80 
f 82//82 80//80 80//80 
f 80//80 80//80 100//100 
f 80//80 100//100 100//100 
f 100//100 100//100 96//96 
f 100//100 101//101 96//96 
f 96//96 101//101 95//95 
f 101//101 95//95 95//95 
f 95//95 95//95 94//94 
f 95//95 94//94 94//94 
f 94//94 94//94 102//102 
f 94//94 95//95 102//102 
f 102//102 95//95 102//102 
f 95//95 103//103 102//102 
f 102//102 103//103 104//104 
f 103//103 105//105 104//104 
f 104//104 105//105 106//106 
f 105//105 107//107 106//106 
f 106//106 107//107 107//107 
f 107//107 96//96 107//107 
f 107//107 96//96 96//96 
f 96//96 97//97 96//96 
f 96//96 97//97 108//108 
f 97//97 109//109 108//108 
f 108//108 109//109 110//110 
f 109//109 111//111 110//110 
f 110//110 111//111 112//112 
f 111//111 113//113 112//112 
f 112//112 113//113 113//113 
f 113//113 114//114 113//113 
f 113//113 114//114 114//114 
f 114//114 115//115 114//114 
f 114//114 115//115 116//116 
f 115//115 115//115 116//116 
f 116//116 115//115 117//117 
f 115//115 115//115 117//117 
f 117//117 115//115 118//118 
f 115//115 119//119 118//118 
f 118//118 119//119 120//120 
f 119//119 119//119 120//120 
f 120//120 119//119 121//121 
f 119//119 119//119 121//121 
f 121//121 119//119 122//122 
f 119//119 123//123 122//122 
f 122//122 123//123 124//124 
f 123//123 124//124 124//124 
f 124//124 124//124 114//114 
f 124//124 114//114 114//114 
f 114//114 114//114 115//115 
f 114//114 125//125 115//115 
f 115//115 125//125 126//126 
f 125//125 127//127 126//126 
f 126//126 127//127 126//126 
f 127//127 128//128 126//126 
f 126//126 128//128 126//126 
f 128//128 129//129 126//126 
f 126//126 129//129 126//126 
f 129//129 130//130 126//126 
f 126//126 130//130 126//126 
f 130//130 131//131 126//126 
f 126//126 131//131 123//123 
f 131//131 132//132 123//123 
f 123//123 132//132 123//123 
f 132//132 133//133 123//123 
f 123//123 133//133 123//123 
f 133//133 134//134 123//123 
f 123//123 134//134 123//123 
f 134//134 135//135 123//123 
f 123//123 135//135 124//124 
f 135//135 136//136 124//124 
f 124//124 136//136 137//137 
f 136//136 138//138 137//137 
f 137//137 138//138 137//137 
f 138//138 139//139 137//137 
f 137//137 139//139 137//137 
f 139//139 140//140 137//137 
f 137//137 140//140 141//141 
f 140//140 142//142 141//141 
f 141//141 142//142 141//141 
f 142//142 143//143 141//141 
f 141//141 143//143 141//141 
f 143//143 144//144 141//141 
f 141//141 144//144 141//141 
f 144//144 145//145 141//141 
f 141//141 145//145 127//127 
f 145//145 128//128 127//127 
f 127//127 128//128 128//128 
f 128//128 123//123 128//128 
f 128//128 123//123 123//123 
f 123//123 119//119 123//123 
f 123//123 119//119 126//126 
f 119//119 115//115 126//126 
f 126//126 115//115 115//115 
f 115//115 127//127 115//115 
f 115//115 127//127 127//127 
f 127//127 146//146 127//127 
f 127//127 146//146 141//141 
f 146//146 146//146 141//141 
f 141//141 146//146 137//137 
f 146//146 146//146 137//137 
f 137//137 146//146 147//147 
f 146//146 148//148 147//147 
f 147//147 148//148 147//147 
f 148//148 149//149 147//147 
f 147//147 149//149 147//147 
f 149//149 150//150 147//147 
f 147//147 150//150 147//147 
f 150//150 151//151 147//147 
f 147//147 151//151 147//147 
f 151//151 124//124 147//147 
f 147//147 124//124 137//137 
f 124//124 137//137 137//137 
f 137//137 137//137 127//127 
f 137//137 127//127 127//127 
f 127//127 127//127 146//146 
f 127//127 152//152 146//146 
f 146//146 152//152 146//146 
f 152//152 153//153 146//146 
f 146//146 153//153 148//148 
f 153//153 148//148 148//148 
f 148//148 148//148 154//154 
f 148//148 154//154 154//154 
f 154//154 154//154 155//155 
f 154//154 156//156 155//155 
f 155//155 156//156 157//157 
f 156//156 156//156 157//157 
f 157//157 156//156 158//158 
f 156//156 159//159 158//158 
f 158//158 159//159 160//160 
f 159//159 159//159 160//160 
f 160//160 159//159 161//161 
f 159//159 159//159 161//161 
f 161//161 159//159 162//162 
f 159//159 163//163 162//162 
f 162//162 163//163 164//164 
f 163//163 165//165 164//164 
f 164//164 165//165 164//164 
f 165//165 166//166 164//164 
f 164//164 166//166 167//167 
f 166//166 166//166 167//167 
f 167//167 166//166 168//168 
f 166//166 166//166 168//168 
f 168//168 166//166 169//169 
f 166//166 166//166 169//169 
f 169//169 166//166 170//170 
f 166//166 171//171 170//170 
f 170//170 171//171 172//172 
f 171//171 171//171 172//172 
f 172//172 171//171 173//173 
f 171//171 171//171 173//173 
f 173//173 171//171 174//174 
f 171//171 171//171 174//174 
f 174//174 171//171 175//175 
f 171//171 171//171 175//175 
f 175//175 171//171 165//165 
f 171//171 166//166 165//165 
f 165//165 166//166 166//166 
f 166//166 154//154 166//166 
f 166//166 154//154 154//154 
f 154//154 176//176 154//154 
f 154//154 176//176 156//156 
f 176//176 177//177 156//156 
f 156//156 177//177 159//159 
f 177//177 163//163 159//159 
f 159//159 163//163 163//163 
f 163//163 176//176 163//163 
f 163//163 176//176 176//176 
f 176//176 174//174 176//176 
f 176//176 174//174 177//177 
f 174//174 175//175 177//177 
f 177//177 175//175 175//175 
f 175//175 178//178 175//175 
f 175//175 178//178 178//178 
f 178//178 179//179 178//178 
f 178//178 179//179 180//180 
f 179//179 181//181 180//180 
f 180//180 181//181 182//182 
f 181//181 182//182 182//182 
f 182//182 182//182 183//183 
f 182//182 183//183 183//183 
f 183//183 183//183 184//184 
f 183//183 185//185 184//184 
f 184//184 185//185 186//186 
f 185//185 187//187 186//186 
f 186//186 187//187 188//188 
f 187//187 189//189 188//188 
f 188//188 189//189 188//188 
f 189//189 190//190 188//188 
f 188//188 190//190 188//188 
f 190//190 191//191 188//188 
f 188//188 191//191 188//188 
f 191//191 192//192 188//188 
f 188//188 192//192 188//188 
f 192//192 184//184 188//188 
f 188//188 184//184 186//186 
f 184//184 186//186 186//186 
f 186//186 186//186 187//187 
f 186//186 187//187 187//187 
f 187//187 187//187 189//189 
f 187//187 193//193 189//189 
f 189//189 193//193 194//194 
f 193//193 193//193 194//194 
f 194//194 193//193 195//195 
f 193//193 196//196 195//195 
f 195//195 196//196 197//197 
f 196//196 198//198 197//197 
f 197//197 198//198 199//199 
f 198//198 200//200 199//199 
f 199//199 200//200 201//201 
f 200//200 202//202 201//201 
f 201//201 202//202 202//202 
f 202//202 203//203 202//202 
f 202//202 203//203 203//203 
f 203//203 204//204 203//203 
f 203//203 204//204 205//205 
f 204//204 206//206 205//205 
f 205//205 206//206 207//207 
f 206//206 207//207 207//207 
f 207//207 207//207 208//208 
f 207//207 208//208 208//208 
f 208//208 208//208 209//209 
f 208//208 210//210 209//209 
f 209//209 210//210 211//211 
f 210//210 212//212 211//211 
f 211//211 212//212 211//211 
f 212//212 213//213 211//211 
f 211//211 213//213 214//214 
f 213//213 215//215 214//214 
f 214//214 215//215 214//214 
f 215//215 216//216 214//214 
f 214//214 216//216 214//214 
f 216//216 217//217 214//214 
f 214//214 217//217 214//214 
f 217//217 218//218 214//214 
f 214//214 218//218 214//214 
f 218//218 219//219 214//214 
f 214//214 219//219 214//214 
f 219//219 209//209 214//214 
f 214//214 209//209 211//211 
f 209//209 211//211 211//211 
f 211//211 211//211 215//215 
f 211//211 215//215 215//215 
f 215//215 215//215 220//220 
f 215//215 213//213 220//220 
f 220//220 213//213 220//220 
f 213//213 221//221 220//220 
f 220//220 221//221 222//222 
f 221//221 223//223 222//222 
f 222//222 223//223 223//223 
f 223//223 224//224 223//223 
f 223//223 224//224 224//224 
f 224//224 225//225 224//224 
f 224//224 225//225 226//226 
f 225//225 227//227 226//226 
f 226//226 227//227 228//228 
f 227//227 228//228 228//228 
f 228//228 228//228 229//229 
f 228//228 229//229 229//229 
f 229//229 229//229 230//230 
f 229//229 231//231 230//230 
f 230//230 231//231 230//230 
f 231//231 232//232 230//230 
f 230//230 232//232 233//233 
f 232//232 234//234 233//233 
f 233//233 234//234 233//233 
f 234//234 235//235 233//233 
f 233//233 235//235 236//236 
f 235//235 235//235 236//236 
f 236//236 235//235 237//237 
f 235//235 238//238 237//237 
f 237//237 238//238 239//239 
f 238//238 240//240 239//239 
f 239//239 240//240 240//240 
f 240//240 241//241 240//240 
f 240//240 241//241 241//241 
f 241//241 242//242 241//241 
f 241//241 242//242 243//243 
f 242//242 244//244 243//243 
f 243//243 244//244 243//243 
f 244//244 245//245 243//243 
f 243//243 245//245 246//246 
f 245//245 245//245 246//246 
f 246//246 245//245 247//247 
f 245//245 248//248 247//247 
f 247//247 248//248 248//248 
f 248//248 249//249 248//248 
f 248//248 249//249 249//249 
f 249//249 250//250 249//249 
f 249//249 250//250 251//251 
f 250//250 252//252 251//251 
f 251//251 252//252 251//251 
f 252//252 253//253 251//251 
f 251//251 253//253 254//254 
f 253//253 255//255 254//254 
f 254//254 255//255 256//256 
f 255//255 255//255 256//256 
f 256//256 255//255 257//257 
f 255//255 258//258 257//257 
f 257//257 258//258 259//259 
f 258//258 260//260 259//259 
f 259//259 260//260 260//260 
f 260//260 261//261 260//260 
f 260//260 261//261 261//261 
f 261//261 262//262 261//261 
f 261//261 262//262 263//263 
f 262//262 262//262 263//263 
f 263//263 262//262 264//264 
f 262//262 265//265 264//264 
f 264//264 265//265 266//266 
f 265//265 265//265 266//266 
f 266//266 265//265 267//267 
f 265//265 268//268 267//267 
f 267//267 268//268 268//268 
f 268//268 269//269 268//268 
f 268//268 269//269 269//269 
f 269//269 270//270 269//269 
f 269//269 270//270 271//271 
f 270//270 272//272 271//271 
f 271//271 272//272 273//273 
f 272//272 274//274 273//273 
f 273//273 274//274 273//273 
f 274//274 275//275 273//273 
f 273//273 275//275 276//276 
f 275//275 277//277 276//276 
f 276//276 277//277 278//278 
f 277//277 277//277 278//278 
f 278//278 277//277 279//279 
f 277//277 280//280 279//279 
f 279//279 280//280 280//280 
f 280//280 281//281 280//280 
f 280//280 281//281 281//281 
f 281//281 282//282 281//281 
f 281//281 282//282 283//283 
f 282//282 282//282 283//283 
f 283//283 282//282 284//284 
f 282//282 285//285 284//284 
f 284//284 285//285 286//286 
f 285//285 285//285 286//286 
f 286//286 285//285 287//287 
f 285//285 288//288 287//287 
f 287//287 288//288 288//288 
f 288//288 289//289 288//288 
f 288//288 289//289 289//289 
f 289//289 290//290 289//289 
f 289//289 290//290 291//291 
f 290//290 292//292 291//291 
f 291//291 292//292 291//291 
f 292//292 293//293 291//291 
f 291//291 293//293 294//294 
f 293//293 293//293 294//294 
f 294//294 293//293 295//295 
f 293//293 296//296 295//295 
f 295//295 296//296 296//296 
f 296//296 297//297 296//296 
f 296//296 297//297 297//297 
f 297//297 298//298 297//297 
f 297//297 298//298 299//299 
f 298//298 300//300 299//299 
f 299//299 300//300 299//299 
f 300//300 301//301 299//299 
f 299//299 301//301 302//302 
f 301//301 302//302 302//302 
f 302//302 302//302 300//300 
f 302//302 300//300 300//300 
f 300//300 300//300 303//303 
f 300//300 298//298 303//303 
f 303//303 298//298 303//303 
f 298//298 304//304 303//303 
f 303//303 304//304 305//305 
f 304//304 306//306 305//305 
f 305//305 306//306 301//301 
f 306//306 307//307 301//301 
f 301//301 307//307 301//301 
f 307//307 308//308 301//301 
f 301//301 308//308 302//302 
f 308//308 302//302 302//302 
f 302//302 302//302 309//309 
f 302//302 309//309 309//309 
f 309//309 309//309 310//310 
f 309//309 311//311 310//310 
f 310//310 311//311 310//310 
f 311//311 312//312 310//310 
f 310//310 312//312 310//310 
f 312//312 313//313 310//310 
f 310//310 313//313 314//314 
f 313//313 315//315 314//314 
f 314//314 315//315 316//316 
f 315//315 315//315 316//316 
f 316//316 315//315 317//317 
f 315//315 318//318 317//317 
f 317//317 318//318 319//319 
f 318//318 320//320 319//319 
f 319//319 320//320 320//320 
f 320//320 321//321 320//320 
f 320//320 321//321 321//321 
f 321//321 322//322 321//321 
f 321//321 322//322 323//323 
f 322//322 322//322 323//323 
f 323//323 322//322 324//324 
f 322//322 325//325 324//324 
f 324//324 325//325 326//326 
f 325//325 327//327 326//326 
f 326//326 327//327 328//328 
f 327//327 321//321 328//328 
f 328//328 321//321 323//323 
f 321//321 323//323 323//323 
f 323//323 323//323 329//329 
f 323//323 329//329 329//329 
f 329//329 329//329 330//330 
f 329//329 331//331 330//330 
f 330//330 331//331 330//330 
f 331//331 332//332 330//330 
f 330//330 332//332 333//333 
f 332//332 334//334 333//333 
f 333//333 334//334 335//335 
f 334//334 336//336 335//335 
f 335//335 336//336 337//337 
f 336//336 338//338 337//337 
f 337//337 338//338 339//339 
f 338//338 340//340 339//339 
f 339//339 340//340 341//341 
f 340//340 342//342 341//341 
f 341//341 342//342 343//343 
f 342//342 344//344 343//343 
f 343//343 344//344 345//345 
f 344//344 346//346 345//345 
f 345//345 346//346 347//347 
f 346//346 348//348 347//347 
f 347//347 348//348 349//349 
f 348//348 350//350 349//349 
f 349//349 350//350 351//351 
f 350//350 352//352 351//351 
f 351//351 352//352 353//353 
f 352//352 354//354 353//353 
f 353//353 354//354 355//355 
f 354//354 356//356 355//355 
f 355//355 356//356 356//356 
f 356//356 331//331 356//356 
f 356//356 331//331 331//331 
f 331//331 329//329 331//331 
f 331//331 329//329 357//357 
f 329//329 358//358 357//357 
f 357//357 358//358 357//357 
f 358//358 359//359 357//357 
f 357//357 359//359 360//360 
f 359//359 361//361 360//360 
f 360//360 361//361 362//362 
f 361//361 363//363 362//362 
f 362//362 363//363 364//364 
f 363//363 363//363 364//364 
f 364//364 363//363 365//365 
f 363//363 366//366 365//365 
f 365//365 366//366 367//367 
f 366//366 368//368 367//367 
f 367//367 368//368 369//369 
f 368//368 370//370 369//369 
f 369//369 370//370 369//369 
f 370//370 371//371 369//369 
f 369//369 371//371 372//372 
f 371//371 373//373 372//372 
f 372//372 373//373 374//374 
f 373//373 373//373 374//374 
f 374//374 373//373 375//375 
f 373//373 376//376 375//375 
f 375//375 376//376 377//377 
f 376//376 378//378 377//377 
f 377//377 378//378 379//379 
f 378//378 380//380 379//379 
f 379//379 380//380 381//381 
f 380//380 382//382 381//381 
f 381//381 382//382 383//383 
f 382//382 384//384 383//383 
f 383//383 384//384 384//384 
f 384//384 385//385 384//384 
f 384//384 385//385 385//385 
f 385//385 386//386 385//385 
f 385//385 386//386 387//387 
f 386//386 388//388 387//387 
f 387//387 388//388 388//388 
f 388//388 389//389 388//388 
f 388//388 389//389 389//389 
f 389//389 390//390 389//389 
f 389//389 390//390 391//391 
f 390//390 392//392 391//391 
f 391//391 392//392 392//392 
f 392//392 393//393 392//392 
f 392//392 393//393 393//393 
f 393//393 394//394 393//393 
f 393//393 394//394 395//395 
f 394//394 396//396 395//395 
f 395//395 396//396 396//396 
f 396//396 397//397 396//396 
f 396//396 397//397 397//397 
f 397//397 398//398 397//397 
f 397//397 398//398 399//399 
f 398//398 400//400 399//399 
f 399//399 400//400 400//400 
f 400//400 401//401 400//400 
f 400//400 401//401 401//401 
f 401//401 402//402 401//401 
f 401//401 402//402 403//403 
f 402//402 404//404 403//403 
f 403//403 404//404 404//404 
f 404//404 405//405 404//404 
f 404//404 405//405 405//405 
f 405//405 406//406 405//405 
f 405//405 406//406 407//407 
f 406//406 408//408 407//407 
f 407//407 408//408 408//408 
f 408//408 409//409 408//408 
f 408//408 409//409 409//409 
f 409//409 410//410 409//409 
f 409//409 410//410 411//411 
f 410//410 412//412 411//411 
f 411//411 412//412 412//412 
f 412//412 413//413 412//412 
f 412//412 413//413 413//413 
f 413//413 414//414 413//413 
f 413//413 414//414 415//415 
f 414//414 416//416 415//415 
f 415//415 416//416 416//416 
f 416//416 417//417 416//416 
f 416//416 417//417 417//417 
f 417//417 418//418 417//417 
f 417//417 418//418 419//419 
f 418//418 418//418 419//419 
f 419//419 418//418 420//420 
f 418//418 418//418 420//420 
f 420//420 418//418 421//421 
f 418//418 422//422 421//421 
f 421//421 422//422 423//423 
f 422//422 424//424 423//423 
f 423//423 424//424 424//424 
f 424//424 425//425 424//424 
f 424//424 425//425 425//425 
f 425//425 426//426 425//425 
f 425//425 426//426 427//427 
f 426//426 428//428 427//427 
f 427//427 428//428 428//428 
f 428//428 429//429 428//428 
f 428//428 429//429 429//429 
f 429//429 430//430 429//429 
f 429//429 430//430 431//431 
f 430//430 432//432 431//431 
f 431//431 432//432 432//432 
f 432//432 433//433 432//432 
f 432//432 433//433 433//433 
f 433//433 434//434 433//433 
f 433//433 434//434 435//435 
f 434//434 436//436 435//435 
f 435//435 436//436 437//437 
f 436//436 438//438 437//437 
f 437//437 438//438 439//439 
f 438//438 440//440 439//439 
f 439//439 440//440 440//440 
f 440//440 441//441 440//440 
f 440//440 441//441 441//441 
f 441//441 442//442 441//441 
f 441//441 442//442 443//443 
f 442//442 444//444 443//443 
f 443//443 444//444 445//445 
f 444//444 446//446 445//445 
f 445//445 446//446 447//447 
f 446//446 448//448 447//447 
f 447//447 448//448 449//449 
f 448//448 450//450 449//449 
f 449//449 450//450 451//451 
f 450//450 452//452 451//451 
f 451//451 452//452 453//453 
f 452//452 454//454 453//453 
f 453//453 454//454 455//455 
f 454//454 456//456 455//455 
f 455//455 456//456 457//457 
f 456//456 458//458 457//457 
f 457//457 458//458 459//459 
f 458//458 460//460 459//459 
f 459//459 460//460 461//461 
f 460//460 462//462 461//461 
f 461//461 462//462 461//461 
f 462//462 463//463 461//461 
f 461//461 463//463 464//464 
f 463//463 463//463 464//464 
f 464//464 463//463 465//465 
f 463//463 466//466 465//465 
f 465//465 466//466 467//467 
f 466//466 468//468 467//467 
f 467//467 468//468 469//469 
f 468//468 470//470 469//469 
f 469//469 470//470 471//471 
f 470//470 472//472 471//471 
f 471//471 472//472 473//473 
f 472//472 474//474 473//473 
f 473//473 474//474 475//475 
f 474//474 476//476 475//475 
f 475//475 476//476 477//477 
f 476//476 478//478 477//477 
f 477//477 478//478 479//479 
f 478//478 480//480 479//479 
f 479//479 480//480 481//481 
f 480//480 482//482 481//481 
f 481//481 482//482 483//483 
f 482//482 484//484 483//483 
f 483//483 484//484 484//484 
f 484//484 485//485 484//484 
f 484//484 485//485 485//485 
f 485//485 486//486 485//485 
f 485//485 486//486 487//487 
f 486//486 488//488 487//487 
f 487//487 488//488 488//488 
f 488//488 489//489 488//488 
f 488//488 489//489 489//489 
f 489//489 490//490 489//489 
f 489//489 490//490 491//491 
f 490//490 492//492 491//491 
f 491//491 492//492 492//492 
f 492//492 493//493 492//492 
f 492//492 493//493 493//493 
f 493//493 494//494 493//493 
f 493//493 494//494 495//495 
f 494//494 496//496 495//495 
f 495//495 496//496 497//497 
f 496//496 498//498 497//497 
f 497//497 498//498 499//499 
f 498//498 500//500 499//499 
f 499//499 500//500 501//501 
f 500//500 502//502 501//501 
f 501//501 502//502 503//503 
f 502//502 504//504 503//503 
f 503//503 504//504 505//505 
f 504//504 506//506 505//505 
f 505//505 506//506 507//507 
f 506//506 508//508 507//507 
f 507//507 508//508 509//509 
f 508//508 510//510 509//509 
f 509//509 510//510 511//511 
f 510//510 512//512 511//511 
f 511//511 512//512 513//513 
f 512//512 514//514 513//513 
f 513//513 514//514 514//514 
f 514//514 515//515 514//514 
f 514//514 515//515 515//515 
f 515//515 516//516 515//515 
f 515//515 516//516 517//517 
f 516//516 518//518 517//517 
f 517//517 518//518 518//518 
f 518//518 519//519 518//518 
f 518//518 519//519 519//519 
f 519//519 520//520 519//519 
f 519//519 520//520 521//521 
f 520//520 522//522 521//521 
f 521//521 522//522 522//522 
f 522//522 523//523 522//522 
f 522//522 523//523 523//523 
f 523//523 524//524 523//523 
f 523//523 524//524 525//525 
f 524//524 526//526 525//525 
f 525//525 526//526 526//526 
f 526//526 527//527 526//526 
f 526//526 527//527 527//527 
f 527//527 528//528 527//527 
f 527//527 528//528 529//529 
f 528//528 528//528 529//529 
f 529//529 528//528 530//530 
f 528//528 528//528 530//530 
f 530//530 528//528 531//531 
f 528//528 532//532 531//531 
f 531//531 532//532 533//533 
f 532//532 534//534 533//533 
f 533//533 534//534 534//534 
f 534//534 535//535 534//534 
f 534//534 535//535 535//535 
f 535//535 536//536 535//535 
f 535//535 536//536 537//537 
f 536//536 538//538 537//537 
f 537//537 538//538 538//538 
f 538//538 539//539 538//538 
f 538//538 539//539 539//539 
f 539//539 540//540 539//539 
f 539//539 540//540 541//541 
f 540//540 542//542 541//541 
f 541//541 542//542 543//543 
f 542//542 544//544 543//543 
f 543//543 544//544 545//545 
f 544//544 546//546 545//545 
f 545//545 546//546 547//547 
f 546//546 548//548 547//547 
f 547//547 548//548 549//549 
f 548//548 550//550 549//549 
f 549//549 550//550 551//551 
f 550//550 552//552 551//551 
f 551//551 552//552 553//553 
f 552//552 554//554 553//553 
f 553//553 554//554 555//555 
f 554//554 556//556 555//555 
f 555//555 556//556 557//557 
f 556//556 558//558 557//557 
f 557//557 558//558 559//559 
f 558//558 560//560 559//559 
f 559//559 560//560 560//560 
f 560//560 561//561 560//560 
f 560//560 561//561 561//561 
f 561//561 562//562 561//561 
f 561//561 562//562 563//563 
f 562//562 564//564 563//563 
f 563//563 564//564 565//565 
f 564//564 566//566 565//565 
f 565//565 566//566 567//567 
f 566//566 568//568 567//567 
f 567//567 568//568 568//568 
f 568//568 569//569 568//568 
f 568//568 569//569 569//569 
f 569//569 570//570 569//569 
f 569//569 570//570 571//571 
f 570//570 572//572 571//571 
f 571//571 572//572 572//572 
f 572//572 573//573 572//572 
f 572//572 573//573 573//573 
f 573//573 574//574 573//573 
f 573//573 574//574 575//575 
f 574//574 574//574 575//575 
f 575//575 574//574 576//576 
f 574//574 574//574 576//576 
f 576//576 574//574 577//577 
f 574//574 578//578 577//577 
f 577//577 578//578 578//578 
f 578//578 579//579 578//578 
f 578//578 579//579 579//579 
f 579//579 580//580 579//579 
f 579//579 580//580 581//581 
f 580//580 580//580 581//581 
f 581//581 580//580 582//582 
f 580//580 583//583 582//582 
f 582//582 583//583 584//584 
f 583//583 585//585 584//584 
f 584//584 585//585 586//586 
f 585//585 587//587 586//586 
f 586//586 587//587 588//588 
f 587//587 589//589 588//588 
f 588//588 589//589 590//590 
f 589//589 591//591 590//590 
f 590//590 591//591 592//592 
f 591//591 593//593 592//592 
f 592//592 593//593 594//594 
f 593//593 595//595 594//594 
f 594//594 595//595 596//596 
f 595//595 597//597 596//596 
f 596//596 597//597 598//598 
f 597//597 599//599 598//598 
f 598//598 599//599 600//600 
f 599//599 601//601 600//600 
f 600//600 601//601 602//602 
f 601//601 603//603 602//602 
f 602//602 603//603 604//604 
f 603//603 605//605 604//604 
f 604//604 605//605 606//606 
f 605//605 606//606 606//606 
f 606//606 606//606 607//607 
f 606//606 607//607 607//607 
f 607//607 607//607 608//608 
f 607//607 609//609 608//608 
f 608//608 609//609 608//608 
f 609//609 610//610 608//608 
f 608//608 610//610 608//608 
f 610//610 611//611 608//608 
f 608//608 611//611 612//612 
f 611//611 612//612 612//612 
f 612//612 612//612 613//613 
f 612//612 613//613 613//613 
f 613//613 613//613 614//614 
f 613//613 615//615 614//614 
f 614//614 615//615 616//616 
f 615//615 615//615 616//616 
f 616//616 615//615 617//617 
f 615//615 618//618 617//617 
f 617//617 618//618 619//619 
f 618//618 620//620 619//619 
f 619//619 620//620 621//621 
f 620//620 622//622 621//621 
f 621//621 622//622 623//623 
f 622//622 624//624 623//623 
f 623//623 624//624 625//625 
f 624//624 626//626 625//625 
f 625//625 626//626 627//627 
f 626//626 628//628 627//627 
f 627//627 628//628 629//629 
f 628//628 630//630 629//629 
f 629//629 630//630 631//631 
f 630//630 632//632 631//631 
f 631//631 632//632 633//633 
f 632//632 634//634 633//633 
f 633//633 634//634 633//633 
f 634//634 635//635 633//633 
f 633//633 635//635 636//636 
f 635//635 635//635 636//636 
f 636//636 635//635 637//637 
f 635//635 638//638 637//637 
f 637//637 638//638 639//639 
f 638//638 639//639 639//639 
f 639//639 639//639 640//640 
f 639//639 640//640 640//640 
f 640//640 640//640 641//641 
f 640//640 639//639 641//641 
f 641//641 639//639 639//639 
f 639//639 642//642 639//639 
f 639//639 642//642 642//642 
f 642//642 643//643 642//642 
f 642//642 643//643 644//644 
f 643//643 645//645 644//644 
f 644//644 645//645 644//644 
f 645//645 646//646 644//644 
f 644//644 646//646 647//647 
f 646//646 646//646 647//647 
f 647//647 646//646 648//648 
f 646//646 649//649 648//648 
f 648//648 649//649 649//649 
f 649//649 650//650 649//649 
f 649//649 650//650 650//650 
f 650//650 651//651 650//650 
f 650//650 651//651 652//652 
f 651//651 653//653 652//652 
f 652//652 653//653 652//652 
f 653//653 654//654 652//652 
f 652//652 654//654 655//655 
f 654//654 655//655 655//655 
f 655//655 655//655 653//653 
f 655//655 653//653 653//653 
f 653//653 653//653 656//656 
f 653//653 651//651 656//656 
f 656//656 651//651 656//656 
f 651//651 657//657 656//656 
f 656//656 657//657 658//658 
f 657//657 659//659 658//658 
f 658//658 659//659 659//659 
f 659//659 656//656 659//659 
f 659//659 656//656 656//656 
f 656//656 658//658 656//656 
f 656//656 658//658 660//660 
f 658//658 661//661 660//660 
f 660//660 661//661 661//661 
f 661//661 662//662 661//661 
f 661//661 662//662 662//662 
f 662//662 663//663 662//662 
f 662//662 663//663 664//664 
f 663//663 663//663 664//664 
f 664//664 663//663 665//665 
f 663//663 666//666 665//665 
f 665//665 666//666 667//667 
f 666//666 668//668 667//667 
f 667//667 668//668 669//669 
f 668//668 670//670 669//669 
f 669//669 670//670 671//671 
f 670//670 672//672 671//671 
f 671//671 672//672 673//673 
f 672//672 674//674 673//673 
f 673//673 674//674 675//675 
f 674//674 676//676 675//675 
f 675//675 676//676 677//677 
f 676//676 677//677 677//677 
f 677//677 677//677 678//678 
f 677//677 678//678 678//678 
f 678//678 678//678 678//678 
f 678//678 679//679 678//678 
f 678//678 679//679 680//680 
f 679//679 681//681 680//680 
f 680//680 681//681 681//681 
f 681//681 682//682 681//681 
f 681//681 682//682 682//682 
f 682//682 683//683 682//682 
f 682//682 683//683 684//684 
f 683//683 685//685 684//684 
f 684//684 685//685 685//685 
f 685//685 686//686 685//685 
f 685//685 686//686 686//686 
f 686//686 687//687 686//686 
f 686//686 687//687 688//688 
f 687//687 689//689 688//688 
f 688//688 689//689 689//689 
f 689//689 690//690 689//689 
f 689//689 690//690 690//690 
f 690//690 691//691 690//690 
f 690//690 691//691 692//692 
f 691//691 693//693 692//692 
f 692//692 693//693 693//693 
f 693//693 694//694 693//693 
f 693//693 694//694 694//694 
f 694//694 695//695 694//694 
f 694//694 695//695 696//696 
f 695//695 697//697 696//696 
f 696//696 697//697 697//697 
f 697//697 698//698 697//697 
f 697//697 698//698 698//698 
f 698//698 699//699 698//698 
f 698//698 699//699 700//700 
f 699//699 701//701 700//700 

